run,method,target,protocol,threshold,n_gt,n_pred,independent_tp,precision,recall,f1,tp,fp,fn,mean_loc_error
TS_69_2,raw,ferritin complex,raw_fixed,0.5,35,288,15,0.052083333333333336,0.42857142857142855,0.09287925696594428,15,273,20,2.095317598516116
TS_69_2,raw,ferritin complex,per_input,0.5,35,288,15,0.052083333333333336,0.42857142857142855,0.09287925696594428,15,273,20,2.095317598516116
TS_69_2,raw,Beta-amylase,raw_fixed,0.65,12,5982,7,0.001170177198261451,0.5833333333333334,0.002335669002335669,7,5975,5,1.9586753803504986
TS_69_2,raw,Beta-amylase,per_input,0.65,12,5982,7,0.001170177198261451,0.5833333333333334,0.002335669002335669,7,5975,5,1.9586753803504986
TS_69_2,raw,Beta-galactosidase,raw_fixed,0.8,15,151,2,0.013245033112582781,0.13333333333333333,0.024096385542168672,2,149,13,3.3125326637436814
TS_69_2,raw,Beta-galactosidase,per_input,0.8,15,151,2,0.013245033112582781,0.13333333333333333,0.024096385542168672,2,149,13,3.3125326637436814
TS_69_2,raw,cytosolic ribosome,raw_fixed,0.45,37,670,11,0.016417910447761194,0.2972972972972973,0.031117397454031116,11,659,26,5.292319200100052
TS_69_2,raw,cytosolic ribosome,per_input,0.45,37,670,11,0.016417910447761194,0.2972972972972973,0.031117397454031116,11,659,26,5.292319200100052
TS_69_2,raw,Thyroglobulin,raw_fixed,0.5,33,281,18,0.06405693950177936,0.5454545454545454,0.11464968152866242,18,263,15,3.5682662884545073
TS_69_2,raw,Thyroglobulin,per_input,0.5,33,281,18,0.06405693950177936,0.5454545454545454,0.11464968152866242,18,263,15,3.5682662884545073
TS_69_2,raw,virus-like capsid,raw_fixed,0.5,9,140,0,0.0,0.0,0.0,0,140,9,
TS_69_2,raw,virus-like capsid,per_input,0.5,9,140,0,0.0,0.0,0.0,0,140,9,
TS_69_2,topaz,ferritin complex,raw_fixed,0.5,35,7057,17,0.002408955646875443,0.4857142857142857,0.004794134235758602,17,7040,18,2.576891118406537
TS_69_2,topaz,ferritin complex,per_input,0.6,35,1496,8,0.0053475935828877,0.22857142857142856,0.010450685826257348,8,1488,27,2.6815717514357744
TS_69_2,topaz,Beta-amylase,raw_fixed,0.65,12,54010,10,0.00018515089798185522,0.8333333333333334,0.0003702195401873311,10,54000,2,2.198870367450712
TS_69_2,topaz,Beta-amylase,per_input,0.75,12,12504,5,0.000399872040946897,0.4166666666666667,0.0007989773090444232,5,12499,7,2.1720141630423577
TS_69_2,topaz,Beta-galactosidase,raw_fixed,0.8,15,2387,1,0.00041893590280687055,0.06666666666666667,0.0008326394671107411,1,2386,14,2.1374044200832594
TS_69_2,topaz,Beta-galactosidase,per_input,0.8,15,2387,1,0.00041893590280687055,0.06666666666666667,0.0008326394671107411,1,2386,14,2.1374044200832594
TS_69_2,topaz,cytosolic ribosome,raw_fixed,0.45,37,11418,12,0.0010509721492380452,0.32432432432432434,0.0020951549541684852,12,11406,25,5.667125691241861
TS_69_2,topaz,cytosolic ribosome,per_input,0.8,37,35,0,0.0,0.0,0.0,0,35,37,
TS_69_2,topaz,Thyroglobulin,raw_fixed,0.5,33,6838,28,0.0040947645510383155,0.8484848484848485,0.008150196477950808,28,6810,5,3.9544518976713783
TS_69_2,topaz,Thyroglobulin,per_input,0.7,33,230,16,0.06956521739130435,0.48484848484848486,0.12167300380228137,16,214,17,3.638492273162762
TS_69_2,topaz,virus-like capsid,raw_fixed,0.5,9,2081,0,0.0,0.0,0.0,0,2081,9,
TS_69_2,topaz,virus-like capsid,per_input,0.5,9,2081,0,0.0,0.0,0.0,0,2081,9,
TS_6_4,raw,ferritin complex,raw_fixed,0.5,58,33,1,0.030303030303030304,0.017241379310344827,0.02197802197802198,1,32,57,1.7954234790068264
TS_6_4,raw,ferritin complex,per_input,0.5,58,33,1,0.030303030303030304,0.017241379310344827,0.02197802197802198,1,32,57,1.7954234790068264
TS_6_4,raw,Beta-amylase,raw_fixed,0.65,8,10368,2,0.00019290123456790122,0.25,0.00038550501156515033,2,10366,6,2.5414943693590586
TS_6_4,raw,Beta-amylase,per_input,0.65,8,10368,2,0.00019290123456790122,0.25,0.00038550501156515033,2,10366,6,2.5414943693590586
TS_6_4,raw,Beta-galactosidase,raw_fixed,0.8,11,162,0,0.0,0.0,0.0,0,162,11,
TS_6_4,raw,Beta-galactosidase,per_input,0.8,11,162,0,0.0,0.0,0.0,0,162,11,
TS_6_4,raw,cytosolic ribosome,raw_fixed,0.45,74,78,0,0.0,0.0,0.0,0,78,74,
TS_6_4,raw,cytosolic ribosome,per_input,0.45,74,78,0,0.0,0.0,0.0,0,78,74,
TS_6_4,raw,Thyroglobulin,raw_fixed,0.5,30,33,0,0.0,0.0,0.0,0,33,30,
TS_6_4,raw,Thyroglobulin,per_input,0.5,30,33,0,0.0,0.0,0.0,0,33,30,
TS_6_4,raw,virus-like capsid,raw_fixed,0.5,10,30,0,0.0,0.0,0.0,0,30,10,
TS_6_4,raw,virus-like capsid,per_input,0.5,10,30,0,0.0,0.0,0.0,0,30,10,
TS_6_4,topaz,ferritin complex,raw_fixed,0.5,58,3581,7,0.001954761239877129,0.1206896551724138,0.003847210772190162,7,3574,51,2.1351706490054836
TS_6_4,topaz,ferritin complex,per_input,0.6,58,571,3,0.005253940455341506,0.05172413793103448,0.009538950715421303,3,568,55,2.191649202000873
TS_6_4,topaz,Beta-amylase,raw_fixed,0.65,8,61269,3,4.896440287910689e-05,0.375,9.791602069291903e-05,3,61266,5,2.5048431113731944
TS_6_4,topaz,Beta-amylase,per_input,0.75,8,17784,1,5.623031938821413e-05,0.125,0.00011241007194244606,1,17783,7,2.6563411912418102
TS_6_4,topaz,Beta-galactosidase,raw_fixed,0.8,11,1839,0,0.0,0.0,0.0,0,1839,11,
TS_6_4,topaz,Beta-galactosidase,per_input,0.8,11,1839,0,0.0,0.0,0.0,0,1839,11,
TS_6_4,topaz,cytosolic ribosome,raw_fixed,0.45,74,6948,31,0.004461715601611974,0.4189189189189189,0.008829393335232128,31,6917,43,5.21656695679262
TS_6_4,topaz,cytosolic ribosome,per_input,0.8,74,12,0,0.0,0.0,0.0,0,12,74,
TS_6_4,topaz,Thyroglobulin,raw_fixed,0.5,30,3475,21,0.0060431654676258995,0.7,0.011982881597717548,21,3454,9,3.97038278402645
TS_6_4,topaz,Thyroglobulin,per_input,0.7,30,78,0,0.0,0.0,0.0,0,78,30,
TS_6_4,topaz,virus-like capsid,raw_fixed,0.5,10,1526,0,0.0,0.0,0.0,0,1526,10,
TS_6_4,topaz,virus-like capsid,per_input,0.5,10,1526,0,0.0,0.0,0.0,0,1526,10,
TS_6_6,raw,ferritin complex,raw_fixed,0.5,41,884,25,0.02828054298642534,0.6097560975609756,0.05405405405405406,25,859,16,1.9425537679221299
TS_6_6,raw,ferritin complex,per_input,0.5,41,884,25,0.02828054298642534,0.6097560975609756,0.05405405405405406,25,859,16,1.9425537679221299
TS_6_6,raw,Beta-amylase,raw_fixed,0.65,14,14675,5,0.00034071550255536625,0.35714285714285715,0.0006807815372047109,5,14670,9,2.451758467224404
TS_6_6,raw,Beta-amylase,per_input,0.65,14,14675,5,0.00034071550255536625,0.35714285714285715,0.0006807815372047109,5,14670,9,2.451758467224404
TS_6_6,raw,Beta-galactosidase,raw_fixed,0.8,11,189,3,0.015873015873015872,0.2727272727272727,0.029999999999999995,3,186,8,2.879273414650751
TS_6_6,raw,Beta-galactosidase,per_input,0.8,11,189,3,0.015873015873015872,0.2727272727272727,0.029999999999999995,3,186,8,2.879273414650751
TS_6_6,raw,cytosolic ribosome,raw_fixed,0.45,23,2080,8,0.0038461538461538464,0.34782608695652173,0.007608178792201617,8,2072,15,4.764200315379888
TS_6_6,raw,cytosolic ribosome,per_input,0.45,23,2080,8,0.0038461538461538464,0.34782608695652173,0.007608178792201617,8,2072,15,4.764200315379888
TS_6_6,raw,Thyroglobulin,raw_fixed,0.5,35,860,19,0.022093023255813953,0.5428571428571428,0.042458100558659215,19,841,16,3.248923042256552
TS_6_6,raw,Thyroglobulin,per_input,0.5,35,860,19,0.022093023255813953,0.5428571428571428,0.042458100558659215,19,841,16,3.248923042256552
TS_6_6,raw,virus-like capsid,raw_fixed,0.5,19,144,0,0.0,0.0,0.0,0,144,19,
TS_6_6,raw,virus-like capsid,per_input,0.5,19,144,0,0.0,0.0,0.0,0,144,19,
TS_6_6,topaz,ferritin complex,raw_fixed,0.5,41,10110,26,0.0025717111770524235,0.6341463414634146,0.005122648014973894,26,10084,15,2.3945712498573277
TS_6_6,topaz,ferritin complex,per_input,0.6,41,2924,14,0.0047879616963064295,0.34146341463414637,0.009443507588532884,14,2910,27,2.2190610981458887
TS_6_6,topaz,Beta-amylase,raw_fixed,0.65,14,54626,6,0.0001098378061728847,0.42857142857142855,0.00021961932650073205,6,54620,8,2.34848935631202
TS_6_6,topaz,Beta-amylase,per_input,0.75,14,13138,2,0.00015223017202009437,0.14285714285714285,0.00030413625304136254,2,13136,12,1.9922856652439471
TS_6_6,topaz,Beta-galactosidase,raw_fixed,0.8,11,1275,2,0.001568627450980392,0.18181818181818182,0.003110419906687403,2,1273,9,1.401330661875398
TS_6_6,topaz,Beta-galactosidase,per_input,0.8,11,1275,2,0.001568627450980392,0.18181818181818182,0.003110419906687403,2,1273,9,1.401330661875398
TS_6_6,topaz,cytosolic ribosome,raw_fixed,0.45,23,14088,11,0.0007808063600227143,0.4782608695652174,0.0015590673942314506,11,14077,12,4.440456490724912
TS_6_6,topaz,cytosolic ribosome,per_input,0.8,23,87,0,0.0,0.0,0.0,0,87,23,
TS_6_6,topaz,Thyroglobulin,raw_fixed,0.5,35,9613,30,0.0031207739519400813,0.8571428571428571,0.006218905472636816,30,9583,5,3.4950522187325817
TS_6_6,topaz,Thyroglobulin,per_input,0.7,35,562,12,0.021352313167259787,0.34285714285714286,0.04020100502512563,12,550,23,3.2645093143331922
TS_6_6,topaz,virus-like capsid,raw_fixed,0.5,19,2653,1,0.0003769317753486619,0.05263157894736842,0.0007485029940119761,1,2652,18,4.143745751785617
TS_6_6,topaz,virus-like capsid,per_input,0.5,19,2653,1,0.0003769317753486619,0.05263157894736842,0.0007485029940119761,1,2652,18,4.143745751785617
TS_73_6,raw,ferritin complex,raw_fixed,0.5,95,1399,63,0.04503216583273767,0.6631578947368421,0.08433734939759037,63,1336,32,2.1294550401582235
TS_73_6,raw,ferritin complex,per_input,0.5,95,1399,63,0.04503216583273767,0.6631578947368421,0.08433734939759037,63,1336,32,2.1294550401582235
TS_73_6,raw,Beta-amylase,raw_fixed,0.65,12,8427,2,0.00023733238400379733,0.16666666666666666,0.0004739898092191018,2,8425,10,1.568879139467944
TS_73_6,raw,Beta-amylase,per_input,0.65,12,8427,2,0.00023733238400379733,0.16666666666666666,0.0004739898092191018,2,8425,10,1.568879139467944
TS_73_6,raw,Beta-galactosidase,raw_fixed,0.8,13,182,3,0.016483516483516484,0.23076923076923078,0.030769230769230767,3,179,10,2.4659719544399064
TS_73_6,raw,Beta-galactosidase,per_input,0.8,13,182,3,0.016483516483516484,0.23076923076923078,0.030769230769230767,3,179,10,2.4659719544399064
TS_73_6,raw,cytosolic ribosome,raw_fixed,0.45,46,3032,16,0.005277044854881266,0.34782608695652173,0.010396361273554255,16,3016,30,5.406746781794615
TS_73_6,raw,cytosolic ribosome,per_input,0.45,46,3032,16,0.005277044854881266,0.34782608695652173,0.010396361273554255,16,3016,30,5.406746781794615
TS_73_6,raw,Thyroglobulin,raw_fixed,0.5,27,1359,18,0.013245033112582781,0.6666666666666666,0.025974025974025976,18,1341,9,3.0763779465102883
TS_73_6,raw,Thyroglobulin,per_input,0.5,27,1359,18,0.013245033112582781,0.6666666666666666,0.025974025974025976,18,1341,9,3.0763779465102883
TS_73_6,raw,virus-like capsid,raw_fixed,0.5,22,815,2,0.00245398773006135,0.09090909090909091,0.004778972520908005,2,813,20,7.287352253113117
TS_73_6,raw,virus-like capsid,per_input,0.5,22,815,2,0.00245398773006135,0.09090909090909091,0.004778972520908005,2,813,20,7.287352253113117
TS_73_6,topaz,ferritin complex,raw_fixed,0.5,95,10622,56,0.0052720768216908305,0.5894736842105263,0.010450685826257348,56,10566,39,2.291260791762061
TS_73_6,topaz,ferritin complex,per_input,0.6,95,3442,25,0.00726321905868681,0.2631578947368421,0.01413627367825841,25,3417,70,2.1748947662824913
TS_73_6,topaz,Beta-amylase,raw_fixed,0.65,12,46626,3,6.434178355424013e-05,0.25,0.00012865045670912132,3,46623,9,2.037942975651613
TS_73_6,topaz,Beta-amylase,per_input,0.75,12,8859,2,0.0002257591150242691,0.16666666666666666,0.00045090745124563186,2,8857,10,1.6052349799799033
TS_73_6,topaz,Beta-galactosidase,raw_fixed,0.8,13,612,2,0.0032679738562091504,0.15384615384615385,0.006400000000000001,2,610,11,2.405940227948718
TS_73_6,topaz,Beta-galactosidase,per_input,0.8,13,612,2,0.0032679738562091504,0.15384615384615385,0.006400000000000001,2,610,11,2.405940227948718
TS_73_6,topaz,cytosolic ribosome,raw_fixed,0.45,46,14287,17,0.0011898929096381325,0.3695652173913043,0.002372148189492779,17,14270,29,5.338757673645691
TS_73_6,topaz,cytosolic ribosome,per_input,0.8,46,112,1,0.008928571428571428,0.021739130434782608,0.012658227848101266,1,111,45,5.542886029205223
TS_73_6,topaz,Thyroglobulin,raw_fixed,0.5,27,10009,23,0.0022979318613248075,0.8518518518518519,0.004583499402152251,23,9986,4,3.0600866086161638
TS_73_6,topaz,Thyroglobulin,per_input,0.7,27,709,14,0.019746121297602257,0.5185185185185185,0.03804347826086957,14,695,13,2.9278604900415983
TS_73_6,topaz,virus-like capsid,raw_fixed,0.5,22,5227,2,0.0003826286588865506,0.09090909090909091,0.0007620499142693846,2,5225,20,7.439531842962438
TS_73_6,topaz,virus-like capsid,per_input,0.5,22,5227,2,0.0003826286588865506,0.09090909090909091,0.0007620499142693846,2,5225,20,7.439531842962438
TS_99_9,raw,ferritin complex,raw_fixed,0.5,36,481,17,0.035343035343035345,0.4722222222222222,0.06576402321083172,17,464,19,1.9910339530091936
TS_99_9,raw,ferritin complex,per_input,0.5,36,481,17,0.035343035343035345,0.4722222222222222,0.06576402321083172,17,464,19,1.9910339530091936
TS_99_9,raw,Beta-amylase,raw_fixed,0.65,21,6242,8,0.001281640499839795,0.38095238095238093,0.0025546862525946032,8,6234,13,2.0239485454733863
TS_99_9,raw,Beta-amylase,per_input,0.65,21,6242,8,0.001281640499839795,0.38095238095238093,0.0025546862525946032,8,6234,13,2.0239485454733863
TS_99_9,raw,Beta-galactosidase,raw_fixed,0.8,21,160,2,0.0125,0.09523809523809523,0.022099447513812157,2,158,19,3.9589887441413874
TS_99_9,raw,Beta-galactosidase,per_input,0.8,21,160,2,0.0125,0.09523809523809523,0.022099447513812157,2,158,19,3.9589887441413874
TS_99_9,raw,cytosolic ribosome,raw_fixed,0.45,65,1037,16,0.015429122468659595,0.24615384615384617,0.02903811252268603,16,1021,49,5.226040968127053
TS_99_9,raw,cytosolic ribosome,per_input,0.45,65,1037,16,0.015429122468659595,0.24615384615384617,0.02903811252268603,16,1021,49,5.226040968127053
TS_99_9,raw,Thyroglobulin,raw_fixed,0.5,46,463,16,0.03455723542116631,0.34782608695652173,0.06286836935166995,16,447,30,3.500664681837779
TS_99_9,raw,Thyroglobulin,per_input,0.5,46,463,16,0.03455723542116631,0.34782608695652173,0.06286836935166995,16,447,30,3.500664681837779
TS_99_9,raw,virus-like capsid,raw_fixed,0.5,13,266,0,0.0,0.0,0.0,0,266,13,
TS_99_9,raw,virus-like capsid,per_input,0.5,13,266,0,0.0,0.0,0.0,0,266,13,
TS_99_9,topaz,ferritin complex,raw_fixed,0.5,36,7542,17,0.0022540440201538055,0.4722222222222222,0.0044866719451042494,17,7525,19,2.4880404626448573
TS_99_9,topaz,ferritin complex,per_input,0.6,36,1921,8,0.004164497657470068,0.2222222222222222,0.008175779253960142,8,1913,28,2.453706773192412
TS_99_9,topaz,Beta-amylase,raw_fixed,0.65,21,50513,10,0.00019796883970463048,0.47619047619047616,0.0003957731428345272,10,50503,11,2.0257926238968826
TS_99_9,topaz,Beta-amylase,per_input,0.75,21,11366,6,0.0005278901988386416,0.2857142857142857,0.0010538333186967594,6,11360,15,2.1236929064649424
TS_99_9,topaz,Beta-galactosidase,raw_fixed,0.8,21,2323,4,0.0017219113215669393,0.19047619047619047,0.003412969283276451,4,2319,17,3.8055225969199773
TS_99_9,topaz,Beta-galactosidase,per_input,0.8,21,2323,4,0.0017219113215669393,0.19047619047619047,0.003412969283276451,4,2319,17,3.8055225969199773
TS_99_9,topaz,cytosolic ribosome,raw_fixed,0.45,65,11440,25,0.0021853146853146855,0.38461538461538464,0.00434593654932638,25,11415,40,4.982242145132974
TS_99_9,topaz,cytosolic ribosome,per_input,0.8,65,54,0,0.0,0.0,0.0,0,54,65,
TS_99_9,topaz,Thyroglobulin,raw_fixed,0.5,46,7218,37,0.005126073704627321,0.8043478260869565,0.010187224669603524,37,7181,9,3.163110250103368
TS_99_9,topaz,Thyroglobulin,per_input,0.7,46,338,10,0.029585798816568046,0.21739130434782608,0.05208333333333333,10,328,36,2.5860464641098195
TS_99_9,topaz,virus-like capsid,raw_fixed,0.5,13,3798,0,0.0,0.0,0.0,0,3798,13,
TS_99_9,topaz,virus-like capsid,per_input,0.5,13,3798,0,0.0,0.0,0.0,0,3798,13,
