crop,method,window,frequency,fsc
0,raw,none,0.0078125,
0,raw,none,0.0234375,0.9703501580937081
0,raw,none,0.0390625,0.8118332002557622
0,raw,none,0.0546875,0.7492676361582248
0,raw,none,0.0703125,0.7218342594343241
0,raw,none,0.0859375,0.6521578129285291
0,raw,none,0.1015625,0.6558678725985972
0,raw,none,0.1171875,0.5951985242986909
0,raw,none,0.1328125,0.5189645403363713
0,raw,none,0.1484375,0.6225089106084396
0,raw,none,0.1640625,0.5101688677847793
0,raw,none,0.1796875,0.5047419637043623
0,raw,none,0.1953125,0.5235031178376471
0,raw,none,0.2109375,0.5380519530301041
0,raw,none,0.2265625,0.47611547331026743
0,raw,none,0.2421875,0.4932298026816823
0,raw,none,0.2578125,0.43383675646802833
0,raw,none,0.2734375,0.3942051302390045
0,raw,none,0.2890625,0.3637424411419791
0,raw,none,0.3046875,0.34288948043122613
0,raw,none,0.3203125,0.2670872589016222
0,raw,none,0.3359375,0.2516189191976706
0,raw,none,0.3515625,0.2050406610330445
0,raw,none,0.3671875,0.17119210437659857
0,raw,none,0.3828125,0.14652041660654347
0,raw,none,0.3984375,0.07517531584794067
0,raw,none,0.4140625,0.09777823293486236
0,raw,none,0.4296875,0.05317274776975864
0,raw,none,0.4453125,0.054045037583791075
0,raw,none,0.4609375,0.06233278661853933
0,raw,none,0.4765625,0.06268232791725868
0,raw,none,0.4921875,0.09822865686142547
0,raw,hann,0.0078125,
0,raw,hann,0.0234375,0.9907570656431772
0,raw,hann,0.0390625,0.8751446568945157
0,raw,hann,0.0546875,0.812395151514713
0,raw,hann,0.0703125,0.6954010273944016
0,raw,hann,0.0859375,0.7225894981289419
0,raw,hann,0.1015625,0.7708913804565602
0,raw,hann,0.1171875,0.6592029819675757
0,raw,hann,0.1328125,0.5386374055436615
0,raw,hann,0.1484375,0.5305641827888773
0,raw,hann,0.1640625,0.4937343256171908
0,raw,hann,0.1796875,0.48309070047627617
0,raw,hann,0.1953125,0.5181620110173517
0,raw,hann,0.2109375,0.5799137882973078
0,raw,hann,0.2265625,0.5001108475560183
0,raw,hann,0.2421875,0.4696687798262943
0,raw,hann,0.2578125,0.42833232232698343
0,raw,hann,0.2734375,0.3701028132358334
0,raw,hann,0.2890625,0.28451165879646095
0,raw,hann,0.3046875,0.2397034497755045
0,raw,hann,0.3203125,0.21366875600973145
0,raw,hann,0.3359375,0.2241103708251241
0,raw,hann,0.3515625,0.21525748863130417
0,raw,hann,0.3671875,0.13279461410028723
0,raw,hann,0.3828125,0.08094183530481851
0,raw,hann,0.3984375,0.06797956469197838
0,raw,hann,0.4140625,0.0422227101570896
0,raw,hann,0.4296875,0.022367460812200694
0,raw,hann,0.4453125,0.05328863589807674
0,raw,hann,0.4609375,0.052366061938865414
0,raw,hann,0.4765625,0.07416417062255413
0,raw,hann,0.4921875,0.13155688877845723
0,gaussian,none,0.0078125,
0,gaussian,none,0.0234375,0.974679877516058
0,gaussian,none,0.0390625,0.8280967702169278
0,gaussian,none,0.0546875,0.7832257243814362
0,gaussian,none,0.0703125,0.742888445938897
0,gaussian,none,0.0859375,0.6682195600307896
0,gaussian,none,0.1015625,0.679539534530629
0,gaussian,none,0.1171875,0.6085808875916179
0,gaussian,none,0.1328125,0.5411626557699729
0,gaussian,none,0.1484375,0.6342658353283921
0,gaussian,none,0.1640625,0.5328329724038706
0,gaussian,none,0.1796875,0.5330887269830349
0,gaussian,none,0.1953125,0.5327520909525018
0,gaussian,none,0.2109375,0.5545949820524332
0,gaussian,none,0.2265625,0.4877392830078111
0,gaussian,none,0.2421875,0.5415255497665452
0,gaussian,none,0.2578125,0.48788038087753766
0,gaussian,none,0.2734375,0.49043867878158276
0,gaussian,none,0.2890625,0.5150078523013495
0,gaussian,none,0.3046875,0.5214993837688092
0,gaussian,none,0.3203125,0.54286749745486
0,gaussian,none,0.3359375,0.5668234541565957
0,gaussian,none,0.3515625,0.5790179529857984
0,gaussian,none,0.3671875,0.5906504569700699
0,gaussian,none,0.3828125,0.601500703113158
0,gaussian,none,0.3984375,0.6059030027885809
0,gaussian,none,0.4140625,0.6077474168876827
0,gaussian,none,0.4296875,0.6040916284742801
0,gaussian,none,0.4453125,0.6084091855364046
0,gaussian,none,0.4609375,0.6062639090884457
0,gaussian,none,0.4765625,0.6111350703180207
0,gaussian,none,0.4921875,0.61229647582767
0,gaussian,hann,0.0078125,
0,gaussian,hann,0.0234375,0.9916951905418762
0,gaussian,hann,0.0390625,0.8827694460972246
0,gaussian,hann,0.0546875,0.8124854808632221
0,gaussian,hann,0.0703125,0.711413449487788
0,gaussian,hann,0.0859375,0.7203640995304815
0,gaussian,hann,0.1015625,0.77484340581467
0,gaussian,hann,0.1171875,0.6751005994813754
0,gaussian,hann,0.1328125,0.5447034819918557
0,gaussian,hann,0.1484375,0.5429163708595309
0,gaussian,hann,0.1640625,0.5119571295325837
0,gaussian,hann,0.1796875,0.48922935213563473
0,gaussian,hann,0.1953125,0.5079565284798577
0,gaussian,hann,0.2109375,0.5907396637099525
0,gaussian,hann,0.2265625,0.5155426052000907
0,gaussian,hann,0.2421875,0.48534457144240084
0,gaussian,hann,0.2578125,0.4562333074837814
0,gaussian,hann,0.2734375,0.40481379024837133
0,gaussian,hann,0.2890625,0.3092512052001165
0,gaussian,hann,0.3046875,0.2594668419253247
0,gaussian,hann,0.3203125,0.22472364644632606
0,gaussian,hann,0.3359375,0.2208084820385155
0,gaussian,hann,0.3515625,0.2341184992625445
0,gaussian,hann,0.3671875,0.1702228186110373
0,gaussian,hann,0.3828125,0.09696308810106768
0,gaussian,hann,0.3984375,0.08881597868284682
0,gaussian,hann,0.4140625,0.061470939621599656
0,gaussian,hann,0.4296875,0.044135538844501526
0,gaussian,hann,0.4453125,0.07144234168191542
0,gaussian,hann,0.4609375,0.12198013728618627
0,gaussian,hann,0.4765625,0.21037398459839352
0,gaussian,hann,0.4921875,0.372825357340946
0,topaz,none,0.0078125,
0,topaz,none,0.0234375,0.9717973356856218
0,topaz,none,0.0390625,0.8118361622957618
0,topaz,none,0.0546875,0.7592273433613699
0,topaz,none,0.0703125,0.7319015546318693
0,topaz,none,0.0859375,0.6555471366625647
0,topaz,none,0.1015625,0.7047088967757966
0,topaz,none,0.1171875,0.6052307759589735
0,topaz,none,0.1328125,0.5542869567388886
0,topaz,none,0.1484375,0.6522972506660416
0,topaz,none,0.1640625,0.545935336031383
0,topaz,none,0.1796875,0.5498988514685278
0,topaz,none,0.1953125,0.5578756128543493
0,topaz,none,0.2109375,0.5836552578813803
0,topaz,none,0.2265625,0.5232099562318111
0,topaz,none,0.2421875,0.5478415099877667
0,topaz,none,0.2578125,0.49217356655309963
0,topaz,none,0.2734375,0.45405190667533935
0,topaz,none,0.2890625,0.4490515421733378
0,topaz,none,0.3046875,0.41321017778954
0,topaz,none,0.3203125,0.3969283096378502
0,topaz,none,0.3359375,0.39792104582126825
0,topaz,none,0.3515625,0.36269809421883714
0,topaz,none,0.3671875,0.3667643069224331
0,topaz,none,0.3828125,0.3937362243971278
0,topaz,none,0.3984375,0.39894811072896585
0,topaz,none,0.4140625,0.43792404437670585
0,topaz,none,0.4296875,0.44148483553293266
0,topaz,none,0.4453125,0.47237000939907486
0,topaz,none,0.4609375,0.4813811690364913
0,topaz,none,0.4765625,0.5000357715877828
0,topaz,none,0.4921875,0.5113092036165597
0,topaz,hann,0.0078125,
0,topaz,hann,0.0234375,0.9913831020798977
0,topaz,hann,0.0390625,0.8776633558527461
0,topaz,hann,0.0546875,0.7896171922887069
0,topaz,hann,0.0703125,0.6829482222522966
0,topaz,hann,0.0859375,0.7033225055409408
0,topaz,hann,0.1015625,0.7911771733959695
0,topaz,hann,0.1171875,0.6719537100790484
0,topaz,hann,0.1328125,0.54635787633597
0,topaz,hann,0.1484375,0.5527064269328308
0,topaz,hann,0.1640625,0.5155067710170121
0,topaz,hann,0.1796875,0.495991516100636
0,topaz,hann,0.1953125,0.546069056657782
0,topaz,hann,0.2109375,0.6471933569791292
0,topaz,hann,0.2265625,0.5218733181275623
0,topaz,hann,0.2421875,0.49834743239215784
0,topaz,hann,0.2578125,0.5103865873828739
0,topaz,hann,0.2734375,0.4121877761497966
0,topaz,hann,0.2890625,0.3295045067278634
0,topaz,hann,0.3046875,0.27747657748192256
0,topaz,hann,0.3203125,0.22231668183291997
0,topaz,hann,0.3359375,0.2402877696250114
0,topaz,hann,0.3515625,0.2551793661982423
0,topaz,hann,0.3671875,0.19764765257923395
0,topaz,hann,0.3828125,0.1310019373549589
0,topaz,hann,0.3984375,0.09285637969901189
0,topaz,hann,0.4140625,0.06209646163722285
0,topaz,hann,0.4296875,0.05203252256551545
0,topaz,hann,0.4453125,0.09249822901816387
0,topaz,hann,0.4609375,0.09019947226129241
0,topaz,hann,0.4765625,0.12428074880998094
0,topaz,hann,0.4921875,0.15720518221704669
0,cryocare,none,0.0078125,
0,cryocare,none,0.0234375,0.9768490467309662
0,cryocare,none,0.0390625,0.8301034814000415
0,cryocare,none,0.0546875,0.7541434341277413
0,cryocare,none,0.0703125,0.7571143117057462
0,cryocare,none,0.0859375,0.6877489905041408
0,cryocare,none,0.1015625,0.671899941449688
0,cryocare,none,0.1171875,0.6088623683153314
0,cryocare,none,0.1328125,0.5507904076787672
0,cryocare,none,0.1484375,0.6802055382545432
0,cryocare,none,0.1640625,0.5465282864243041
0,cryocare,none,0.1796875,0.5377056574788756
0,cryocare,none,0.1953125,0.5594281416890371
0,cryocare,none,0.2109375,0.5943931011478342
0,cryocare,none,0.2265625,0.536581213618722
0,cryocare,none,0.2421875,0.5316343980927719
0,cryocare,none,0.2578125,0.5082721700546678
0,cryocare,none,0.2734375,0.44419732322853733
0,cryocare,none,0.2890625,0.4254307388621996
0,cryocare,none,0.3046875,0.39213083963648987
0,cryocare,none,0.3203125,0.3428885805506832
0,cryocare,none,0.3359375,0.31640360262952255
0,cryocare,none,0.3515625,0.26232493953593744
0,cryocare,none,0.3671875,0.21388027487682643
0,cryocare,none,0.3828125,0.2217699738272708
0,cryocare,none,0.3984375,0.18874519900694034
0,cryocare,none,0.4140625,0.19761236232034857
0,cryocare,none,0.4296875,0.18141475351331418
0,cryocare,none,0.4453125,0.1809521607661691
0,cryocare,none,0.4609375,0.17597385012638125
0,cryocare,none,0.4765625,0.1602922005510764
0,cryocare,none,0.4921875,0.16306457764909588
0,cryocare,hann,0.0078125,
0,cryocare,hann,0.0234375,0.9867157498361252
0,cryocare,hann,0.0390625,0.8809052427237786
0,cryocare,hann,0.0546875,0.8077153250461209
0,cryocare,hann,0.0703125,0.7077199836948265
0,cryocare,hann,0.0859375,0.740393905984738
0,cryocare,hann,0.1015625,0.7905891240077355
0,cryocare,hann,0.1171875,0.6661338242042895
0,cryocare,hann,0.1328125,0.5526231276714068
0,cryocare,hann,0.1484375,0.5929748312507326
0,cryocare,hann,0.1640625,0.5467188973230274
0,cryocare,hann,0.1796875,0.49642732623907276
0,cryocare,hann,0.1953125,0.5729427717023795
0,cryocare,hann,0.2109375,0.6465401317865298
0,cryocare,hann,0.2265625,0.5217746527174425
0,cryocare,hann,0.2421875,0.5188940081697643
0,cryocare,hann,0.2578125,0.5253199873377646
0,cryocare,hann,0.2734375,0.4432534206149716
0,cryocare,hann,0.2890625,0.36645432693134933
0,cryocare,hann,0.3046875,0.30250353722303175
0,cryocare,hann,0.3203125,0.2691653863555478
0,cryocare,hann,0.3359375,0.2679207577198182
0,cryocare,hann,0.3515625,0.264157220367551
0,cryocare,hann,0.3671875,0.20059470064693705
0,cryocare,hann,0.3828125,0.11630492354037197
0,cryocare,hann,0.3984375,0.06307756364524193
0,cryocare,hann,0.4140625,0.02331329773020971
0,cryocare,hann,0.4296875,0.03243464276164591
0,cryocare,hann,0.4453125,0.04934084421669496
0,cryocare,hann,0.4609375,0.06686049549956212
0,cryocare,hann,0.4765625,0.06363098717730123
0,cryocare,hann,0.4921875,0.04561689034454284
1,raw,none,0.0078125,
1,raw,none,0.0234375,0.9279596599770464
1,raw,none,0.0390625,0.8161027369502173
1,raw,none,0.0546875,0.6253354913225162
1,raw,none,0.0703125,0.6860528877310335
1,raw,none,0.0859375,0.7290128162461493
1,raw,none,0.1015625,0.6232742931949554
1,raw,none,0.1171875,0.5938048000649506
1,raw,none,0.1328125,0.568423983282255
1,raw,none,0.1484375,0.6114574234237279
1,raw,none,0.1640625,0.5902934166393936
1,raw,none,0.1796875,0.49514707924302476
1,raw,none,0.1953125,0.4267449056549695
1,raw,none,0.2109375,0.4848694574907276
1,raw,none,0.2265625,0.41444391490919685
1,raw,none,0.2421875,0.4256230857612736
1,raw,none,0.2578125,0.4032277333012169
1,raw,none,0.2734375,0.3348754965352435
1,raw,none,0.2890625,0.2664842524751785
1,raw,none,0.3046875,0.28110847547446777
1,raw,none,0.3203125,0.2577851294805391
1,raw,none,0.3359375,0.20844425418926232
1,raw,none,0.3515625,0.15942954930301204
1,raw,none,0.3671875,0.12699222549154357
1,raw,none,0.3828125,0.12271057717885007
1,raw,none,0.3984375,0.08627363854995881
1,raw,none,0.4140625,0.05608122938791166
1,raw,none,0.4296875,0.07044989914762077
1,raw,none,0.4453125,0.06524484336989166
1,raw,none,0.4609375,0.062086065230514624
1,raw,none,0.4765625,0.048699774102543114
1,raw,none,0.4921875,0.08027180713595451
1,raw,hann,0.0078125,
1,raw,hann,0.0234375,0.887865982738819
1,raw,hann,0.0390625,0.820928311589848
1,raw,hann,0.0546875,0.6228285984474539
1,raw,hann,0.0703125,0.7709796313961095
1,raw,hann,0.0859375,0.8591144221934508
1,raw,hann,0.1015625,0.6680441257053643
1,raw,hann,0.1171875,0.4550193247066748
1,raw,hann,0.1328125,0.6650943723601588
1,raw,hann,0.1484375,0.6940360806694063
1,raw,hann,0.1640625,0.6221625564906678
1,raw,hann,0.1796875,0.49494385726571344
1,raw,hann,0.1953125,0.5148239839103509
1,raw,hann,0.2109375,0.5846837409871084
1,raw,hann,0.2265625,0.49669736703352796
1,raw,hann,0.2421875,0.4744721334686377
1,raw,hann,0.2578125,0.4947966132562864
1,raw,hann,0.2734375,0.3818673440520296
1,raw,hann,0.2890625,0.24803356282333305
1,raw,hann,0.3046875,0.22649664566607483
1,raw,hann,0.3203125,0.20091182094705048
1,raw,hann,0.3359375,0.18726283442543112
1,raw,hann,0.3515625,0.15432015489536158
1,raw,hann,0.3671875,0.15402830691954703
1,raw,hann,0.3828125,0.062424994195945376
1,raw,hann,0.3984375,0.03985463136649996
1,raw,hann,0.4140625,0.07064448393565308
1,raw,hann,0.4296875,0.06835412422254417
1,raw,hann,0.4453125,0.06559934856465305
1,raw,hann,0.4609375,0.09439721777311964
1,raw,hann,0.4765625,0.06995459549525547
1,raw,hann,0.4921875,0.09656183999054307
1,gaussian,none,0.0078125,
1,gaussian,none,0.0234375,0.94287404370849
1,gaussian,none,0.0390625,0.8366871190316079
1,gaussian,none,0.0546875,0.6134065174440382
1,gaussian,none,0.0703125,0.6968228097062188
1,gaussian,none,0.0859375,0.7304368521619344
1,gaussian,none,0.1015625,0.6167959249775036
1,gaussian,none,0.1171875,0.6051343965049127
1,gaussian,none,0.1328125,0.5702693091819895
1,gaussian,none,0.1484375,0.6354208703290009
1,gaussian,none,0.1640625,0.5992817124960403
1,gaussian,none,0.1796875,0.5184066198211642
1,gaussian,none,0.1953125,0.46038529902220227
1,gaussian,none,0.2109375,0.5219823953259359
1,gaussian,none,0.2265625,0.47927652559759154
1,gaussian,none,0.2421875,0.4757317861121019
1,gaussian,none,0.2578125,0.4761006780944527
1,gaussian,none,0.2734375,0.4819827540164758
1,gaussian,none,0.2890625,0.48956000721745807
1,gaussian,none,0.3046875,0.5179110360611519
1,gaussian,none,0.3203125,0.5565483894394377
1,gaussian,none,0.3359375,0.571558427975452
1,gaussian,none,0.3515625,0.5893478650254775
1,gaussian,none,0.3671875,0.6050577958460664
1,gaussian,none,0.3828125,0.6137251669098281
1,gaussian,none,0.3984375,0.6171768256902983
1,gaussian,none,0.4140625,0.6231149843551479
1,gaussian,none,0.4296875,0.6137409030931092
1,gaussian,none,0.4453125,0.6232981717472377
1,gaussian,none,0.4609375,0.6255459641592956
1,gaussian,none,0.4765625,0.6254750412129577
1,gaussian,none,0.4921875,0.6273606124485649
1,gaussian,hann,0.0078125,
1,gaussian,hann,0.0234375,0.8958157091477548
1,gaussian,hann,0.0390625,0.8273906307633063
1,gaussian,hann,0.0546875,0.6218379467562396
1,gaussian,hann,0.0703125,0.7712114134585423
1,gaussian,hann,0.0859375,0.8596298912023655
1,gaussian,hann,0.1015625,0.7020795691486265
1,gaussian,hann,0.1171875,0.4491213892393193
1,gaussian,hann,0.1328125,0.639339248308862
1,gaussian,hann,0.1484375,0.6986228513523167
1,gaussian,hann,0.1640625,0.651829702529874
1,gaussian,hann,0.1796875,0.5189742365744945
1,gaussian,hann,0.1953125,0.5073904876340193
1,gaussian,hann,0.2109375,0.5962919459487952
1,gaussian,hann,0.2265625,0.531622531188449
1,gaussian,hann,0.2421875,0.46803663927688505
1,gaussian,hann,0.2578125,0.5085188750841858
1,gaussian,hann,0.2734375,0.4399355957881754
1,gaussian,hann,0.2890625,0.27108265454273783
1,gaussian,hann,0.3046875,0.23667846316234276
1,gaussian,hann,0.3203125,0.21409747564127116
1,gaussian,hann,0.3359375,0.19644740761786048
1,gaussian,hann,0.3515625,0.16169416450246288
1,gaussian,hann,0.3671875,0.17443624848940245
1,gaussian,hann,0.3828125,0.10197759692345149
1,gaussian,hann,0.3984375,0.03980719670491021
1,gaussian,hann,0.4140625,0.05878322825732763
1,gaussian,hann,0.4296875,0.08458906649740706
1,gaussian,hann,0.4453125,0.07885183316453552
1,gaussian,hann,0.4609375,0.13376069988020473
1,gaussian,hann,0.4765625,0.19755092884931283
1,gaussian,hann,0.4921875,0.2811994209365572
1,topaz,none,0.0078125,
1,topaz,none,0.0234375,0.9371073001833263
1,topaz,none,0.0390625,0.8228561672124496
1,topaz,none,0.0546875,0.6177999498656503
1,topaz,none,0.0703125,0.7068879081319808
1,topaz,none,0.0859375,0.7267167603925019
1,topaz,none,0.1015625,0.6408632030079832
1,topaz,none,0.1171875,0.5907089914236057
1,topaz,none,0.1328125,0.5687730398117766
1,topaz,none,0.1484375,0.6601661052383493
1,topaz,none,0.1640625,0.6303217213946096
1,topaz,none,0.1796875,0.5155149723827565
1,topaz,none,0.1953125,0.4660937082870532
1,topaz,none,0.2109375,0.5380071055147287
1,topaz,none,0.2265625,0.5044280166761758
1,topaz,none,0.2421875,0.5130182223970281
1,topaz,none,0.2578125,0.4742152919758471
1,topaz,none,0.2734375,0.46463041756402096
1,topaz,none,0.2890625,0.39009478390069846
1,topaz,none,0.3046875,0.37575134033711205
1,topaz,none,0.3203125,0.406855069329312
1,topaz,none,0.3359375,0.37979329985223315
1,topaz,none,0.3515625,0.36136065853568916
1,topaz,none,0.3671875,0.3785123584742389
1,topaz,none,0.3828125,0.3978435999828007
1,topaz,none,0.3984375,0.42963934021841893
1,topaz,none,0.4140625,0.4694125324164223
1,topaz,none,0.4296875,0.4738836911901039
1,topaz,none,0.4453125,0.5021768957593647
1,topaz,none,0.4609375,0.5222349638127357
1,topaz,none,0.4765625,0.5287845797893189
1,topaz,none,0.4921875,0.5537624099963163
1,topaz,hann,0.0078125,
1,topaz,hann,0.0234375,0.9043922897100776
1,topaz,hann,0.0390625,0.8268967838631783
1,topaz,hann,0.0546875,0.6017847690662067
1,topaz,hann,0.0703125,0.7745946563541508
1,topaz,hann,0.0859375,0.8545538289879497
1,topaz,hann,0.1015625,0.6882562961992141
1,topaz,hann,0.1171875,0.4316653332285255
1,topaz,hann,0.1328125,0.6295109698264814
1,topaz,hann,0.1484375,0.6966712944593197
1,topaz,hann,0.1640625,0.6671517654500738
1,topaz,hann,0.1796875,0.5346718962964685
1,topaz,hann,0.1953125,0.48324075510091286
1,topaz,hann,0.2109375,0.6637377096513661
1,topaz,hann,0.2265625,0.6392483793749678
1,topaz,hann,0.2421875,0.5140613377608287
1,topaz,hann,0.2578125,0.545133165418706
1,topaz,hann,0.2734375,0.44331665611470206
1,topaz,hann,0.2890625,0.2730784250208614
1,topaz,hann,0.3046875,0.2193225880556844
1,topaz,hann,0.3203125,0.2678439283787021
1,topaz,hann,0.3359375,0.22941540879528072
1,topaz,hann,0.3515625,0.17618697970851635
1,topaz,hann,0.3671875,0.19093648525500984
1,topaz,hann,0.3828125,0.10206921269223156
1,topaz,hann,0.3984375,0.06414071087383193
1,topaz,hann,0.4140625,0.09740621659196677
1,topaz,hann,0.4296875,0.08430261947008834
1,topaz,hann,0.4453125,0.07364549429866868
1,topaz,hann,0.4609375,0.1283300558113345
1,topaz,hann,0.4765625,0.1513330953294259
1,topaz,hann,0.4921875,0.1583887526638263
1,cryocare,none,0.0078125,
1,cryocare,none,0.0234375,0.9406495774653331
1,cryocare,none,0.0390625,0.8317788530180558
1,cryocare,none,0.0546875,0.6514164393217268
1,cryocare,none,0.0703125,0.729296036317966
1,cryocare,none,0.0859375,0.7517966332971503
1,cryocare,none,0.1015625,0.6525291837914134
1,cryocare,none,0.1171875,0.6241736647024938
1,cryocare,none,0.1328125,0.5901115928196642
1,cryocare,none,0.1484375,0.6798268202823066
1,cryocare,none,0.1640625,0.6495379217921258
1,cryocare,none,0.1796875,0.5140027868567606
1,cryocare,none,0.1953125,0.4609807992346321
1,cryocare,none,0.2109375,0.5390376470432636
1,cryocare,none,0.2265625,0.46956226998145123
1,cryocare,none,0.2421875,0.4861672613153428
1,cryocare,none,0.2578125,0.46617538098338535
1,cryocare,none,0.2734375,0.4199341862327319
1,cryocare,none,0.2890625,0.3000163778121557
1,cryocare,none,0.3046875,0.3085146724400233
1,cryocare,none,0.3203125,0.3403866760811286
1,cryocare,none,0.3359375,0.2626665432707144
1,cryocare,none,0.3515625,0.2211036372087355
1,cryocare,none,0.3671875,0.17513552205618912
1,cryocare,none,0.3828125,0.18925715795294779
1,cryocare,none,0.3984375,0.1677566574064683
1,cryocare,none,0.4140625,0.16438636527551717
1,cryocare,none,0.4296875,0.16414078322804013
1,cryocare,none,0.4453125,0.15996181819270214
1,cryocare,none,0.4609375,0.16803033497738962
1,cryocare,none,0.4765625,0.14536192120027935
1,cryocare,none,0.4921875,0.14339994545560114
1,cryocare,hann,0.0078125,
1,cryocare,hann,0.0234375,0.9118278525681661
1,cryocare,hann,0.0390625,0.8237310712625256
1,cryocare,hann,0.0546875,0.668388217234909
1,cryocare,hann,0.0703125,0.8044449076223298
1,cryocare,hann,0.0859375,0.8726215313056649
1,cryocare,hann,0.1015625,0.7141549612610117
1,cryocare,hann,0.1171875,0.4607476965955931
1,cryocare,hann,0.1328125,0.6951055103576784
1,cryocare,hann,0.1484375,0.7640115102172149
1,cryocare,hann,0.1640625,0.7024843539680898
1,cryocare,hann,0.1796875,0.5445739210887957
1,cryocare,hann,0.1953125,0.5659982312323854
1,cryocare,hann,0.2109375,0.6825087349926082
1,cryocare,hann,0.2265625,0.6134842559272355
1,cryocare,hann,0.2421875,0.537873380586884
1,cryocare,hann,0.2578125,0.569248606929135
1,cryocare,hann,0.2734375,0.46464810863475997
1,cryocare,hann,0.2890625,0.29158703286206067
1,cryocare,hann,0.3046875,0.21423895305944768
1,cryocare,hann,0.3203125,0.2877923821796102
1,cryocare,hann,0.3359375,0.2513761350951158
1,cryocare,hann,0.3515625,0.19275372415366068
1,cryocare,hann,0.3671875,0.19598059433335085
1,cryocare,hann,0.3828125,0.10296989512444533
1,cryocare,hann,0.3984375,0.020075876678703582
1,cryocare,hann,0.4140625,0.02767572747501967
1,cryocare,hann,0.4296875,0.035726161309494686
1,cryocare,hann,0.4453125,0.046108142070610515
1,cryocare,hann,0.4609375,0.07051113672928193
1,cryocare,hann,0.4765625,0.06411094279525606
1,cryocare,hann,0.4921875,0.07465937914134708
2,raw,none,0.0078125,
2,raw,none,0.0234375,0.7279659295145445
2,raw,none,0.0390625,0.7467882131569263
2,raw,none,0.0546875,0.7344485681776354
2,raw,none,0.0703125,0.6607546991809105
2,raw,none,0.0859375,0.6947844022414762
2,raw,none,0.1015625,0.6143932688946286
2,raw,none,0.1171875,0.5602197780671778
2,raw,none,0.1328125,0.548544776424345
2,raw,none,0.1484375,0.5522995392859621
2,raw,none,0.1640625,0.5731756699983507
2,raw,none,0.1796875,0.529912863644501
2,raw,none,0.1953125,0.4691176026135547
2,raw,none,0.2109375,0.47856326382092845
2,raw,none,0.2265625,0.4077877783485652
2,raw,none,0.2421875,0.4364961806294041
2,raw,none,0.2578125,0.4360699751573569
2,raw,none,0.2734375,0.3773324688423183
2,raw,none,0.2890625,0.3387730956176358
2,raw,none,0.3046875,0.26164163923865036
2,raw,none,0.3203125,0.29416397236738795
2,raw,none,0.3359375,0.21564931992250158
2,raw,none,0.3515625,0.19618379380218537
2,raw,none,0.3671875,0.14983397728476247
2,raw,none,0.3828125,0.11652191172333454
2,raw,none,0.3984375,0.12331883255522623
2,raw,none,0.4140625,0.08559295953670387
2,raw,none,0.4296875,0.05450457389719216
2,raw,none,0.4453125,0.06876702458437231
2,raw,none,0.4609375,0.0634156713639332
2,raw,none,0.4765625,0.07912375600542201
2,raw,none,0.4921875,0.06946807743905753
2,raw,hann,0.0078125,
2,raw,hann,0.0234375,0.8882515106986189
2,raw,hann,0.0390625,0.5828236651578745
2,raw,hann,0.0546875,0.7583170657437147
2,raw,hann,0.0703125,0.7784353289250038
2,raw,hann,0.0859375,0.7940202864737312
2,raw,hann,0.1015625,0.6860559914102509
2,raw,hann,0.1171875,0.4889647328562398
2,raw,hann,0.1328125,0.519907639344641
2,raw,hann,0.1484375,0.5946196257765989
2,raw,hann,0.1640625,0.6492678971186445
2,raw,hann,0.1796875,0.49677536644294534
2,raw,hann,0.1953125,0.47328320646473077
2,raw,hann,0.2109375,0.494054205938064
2,raw,hann,0.2265625,0.37599388723316646
2,raw,hann,0.2421875,0.4118428210585113
2,raw,hann,0.2578125,0.43192609811109006
2,raw,hann,0.2734375,0.3800867440276986
2,raw,hann,0.2890625,0.2914345163696864
2,raw,hann,0.3046875,0.24396827817777014
2,raw,hann,0.3203125,0.23926616868739203
2,raw,hann,0.3359375,0.2075487186250477
2,raw,hann,0.3515625,0.16504131405118694
2,raw,hann,0.3671875,0.1487224173592929
2,raw,hann,0.3828125,0.14252528552757168
2,raw,hann,0.3984375,0.11344620025703019
2,raw,hann,0.4140625,0.0868483096573462
2,raw,hann,0.4296875,0.04564535635192524
2,raw,hann,0.4453125,0.022621087248815272
2,raw,hann,0.4609375,0.004105190455958661
2,raw,hann,0.4765625,0.0308077143395787
2,raw,hann,0.4921875,0.028982904736463286
2,gaussian,none,0.0078125,
2,gaussian,none,0.0234375,0.8026974363222928
2,gaussian,none,0.0390625,0.7689626830536357
2,gaussian,none,0.0546875,0.701469664415364
2,gaussian,none,0.0703125,0.6860236747592219
2,gaussian,none,0.0859375,0.7017890419456088
2,gaussian,none,0.1015625,0.6416500005074037
2,gaussian,none,0.1171875,0.5681834172342286
2,gaussian,none,0.1328125,0.5472241556878232
2,gaussian,none,0.1484375,0.5654185660737415
2,gaussian,none,0.1640625,0.6005291005622868
2,gaussian,none,0.1796875,0.5360599930310169
2,gaussian,none,0.1953125,0.4954231426477401
2,gaussian,none,0.2109375,0.4996882756260346
2,gaussian,none,0.2265625,0.4698072932835157
2,gaussian,none,0.2421875,0.4824061555927112
2,gaussian,none,0.2578125,0.49257383368484897
2,gaussian,none,0.2734375,0.48004061067914394
2,gaussian,none,0.2890625,0.48798303566613654
2,gaussian,none,0.3046875,0.4948779258336088
2,gaussian,none,0.3203125,0.5401000000273756
2,gaussian,none,0.3359375,0.5523450726797133
2,gaussian,none,0.3515625,0.5711551618818164
2,gaussian,none,0.3671875,0.5730370302854614
2,gaussian,none,0.3828125,0.5851748273256981
2,gaussian,none,0.3984375,0.5868929141478316
2,gaussian,none,0.4140625,0.5893291317944174
2,gaussian,none,0.4296875,0.5906590700996974
2,gaussian,none,0.4453125,0.5938681666254042
2,gaussian,none,0.4609375,0.5905352377553336
2,gaussian,none,0.4765625,0.597365755648944
2,gaussian,none,0.4921875,0.5968482541372945
2,gaussian,hann,0.0078125,
2,gaussian,hann,0.0234375,0.8953665629829427
2,gaussian,hann,0.0390625,0.5937809881343333
2,gaussian,hann,0.0546875,0.7541855747222791
2,gaussian,hann,0.0703125,0.784817107802945
2,gaussian,hann,0.0859375,0.7987765696734466
2,gaussian,hann,0.1015625,0.704615865096342
2,gaussian,hann,0.1171875,0.5143890282290383
2,gaussian,hann,0.1328125,0.5048289511695259
2,gaussian,hann,0.1484375,0.5971623632511969
2,gaussian,hann,0.1640625,0.6548397388786352
2,gaussian,hann,0.1796875,0.5362648172382157
2,gaussian,hann,0.1953125,0.46058271522845146
2,gaussian,hann,0.2109375,0.5167685801589029
2,gaussian,hann,0.2265625,0.3929126142027366
2,gaussian,hann,0.2421875,0.4016125210884013
2,gaussian,hann,0.2578125,0.442130993612286
2,gaussian,hann,0.2734375,0.4039933731270142
2,gaussian,hann,0.2890625,0.32788366474963226
2,gaussian,hann,0.3046875,0.2610348100009899
2,gaussian,hann,0.3203125,0.24843309440983802
2,gaussian,hann,0.3359375,0.2099707662823674
2,gaussian,hann,0.3515625,0.18411963729049544
2,gaussian,hann,0.3671875,0.163398549391042
2,gaussian,hann,0.3828125,0.1439280122496873
2,gaussian,hann,0.3984375,0.13346205411783804
2,gaussian,hann,0.4140625,0.10506733812922567
2,gaussian,hann,0.4296875,0.060962988950970916
2,gaussian,hann,0.4453125,0.06770752922678563
2,gaussian,hann,0.4609375,0.07956743015623687
2,gaussian,hann,0.4765625,0.229741141639806
2,gaussian,hann,0.4921875,0.36357541961673884
2,topaz,none,0.0078125,
2,topaz,none,0.0234375,0.781811568562419
2,topaz,none,0.0390625,0.7670031176261871
2,topaz,none,0.0546875,0.7120459852206823
2,topaz,none,0.0703125,0.685714856447937
2,topaz,none,0.0859375,0.7045739476428606
2,topaz,none,0.1015625,0.6481678020670916
2,topaz,none,0.1171875,0.5913173476777933
2,topaz,none,0.1328125,0.5616056230163121
2,topaz,none,0.1484375,0.5746922633643518
2,topaz,none,0.1640625,0.6286921763065851
2,topaz,none,0.1796875,0.5646408673474815
2,topaz,none,0.1953125,0.54837604667644
2,topaz,none,0.2109375,0.5345688866084842
2,topaz,none,0.2265625,0.5271057681954088
2,topaz,none,0.2421875,0.5158473804692175
2,topaz,none,0.2578125,0.5121556152068758
2,topaz,none,0.2734375,0.4715476045802152
2,topaz,none,0.2890625,0.4581185990726583
2,topaz,none,0.3046875,0.38999809407526215
2,topaz,none,0.3203125,0.42025879561378765
2,topaz,none,0.3359375,0.3630644137010822
2,topaz,none,0.3515625,0.35734236047831724
2,topaz,none,0.3671875,0.3914477468072733
2,topaz,none,0.3828125,0.39617723291728335
2,topaz,none,0.3984375,0.42614169846385036
2,topaz,none,0.4140625,0.45684384460405786
2,topaz,none,0.4296875,0.4657546521658169
2,topaz,none,0.4453125,0.491249040099599
2,topaz,none,0.4609375,0.497590397438945
2,topaz,none,0.4765625,0.5264964223370353
2,topaz,none,0.4921875,0.5293567311409567
2,topaz,hann,0.0078125,
2,topaz,hann,0.0234375,0.9020936102500408
2,topaz,hann,0.0390625,0.626919630473891
2,topaz,hann,0.0546875,0.7626876824121501
2,topaz,hann,0.0703125,0.7877910159904603
2,topaz,hann,0.0859375,0.7850401504094705
2,topaz,hann,0.1015625,0.723333318485476
2,topaz,hann,0.1171875,0.5102869926782461
2,topaz,hann,0.1328125,0.5353968801823709
2,topaz,hann,0.1484375,0.6408798493882075
2,topaz,hann,0.1640625,0.7142763108756148
2,topaz,hann,0.1796875,0.5960936198655457
2,topaz,hann,0.1953125,0.5053483583586795
2,topaz,hann,0.2109375,0.5929933098672359
2,topaz,hann,0.2265625,0.45975305170456193
2,topaz,hann,0.2421875,0.4308653366200072
2,topaz,hann,0.2578125,0.49664466338378516
2,topaz,hann,0.2734375,0.4489615319831333
2,topaz,hann,0.2890625,0.36797017680050514
2,topaz,hann,0.3046875,0.29978535602254114
2,topaz,hann,0.3203125,0.2775557949214612
2,topaz,hann,0.3359375,0.23719584585249395
2,topaz,hann,0.3515625,0.20832040316167288
2,topaz,hann,0.3671875,0.18498877430116248
2,topaz,hann,0.3828125,0.15800640708555533
2,topaz,hann,0.3984375,0.15272253671857305
2,topaz,hann,0.4140625,0.12342836330148989
2,topaz,hann,0.4296875,0.08225197785856145
2,topaz,hann,0.4453125,0.06481489727238965
2,topaz,hann,0.4609375,0.05885192522098123
2,topaz,hann,0.4765625,0.11103182814384455
2,topaz,hann,0.4921875,0.08835377153125404
2,cryocare,none,0.0078125,
2,cryocare,none,0.0234375,0.7736163627855173
2,cryocare,none,0.0390625,0.7620210747579261
2,cryocare,none,0.0546875,0.7531166450576418
2,cryocare,none,0.0703125,0.7150719333014733
2,cryocare,none,0.0859375,0.7249754818199038
2,cryocare,none,0.1015625,0.649148205921647
2,cryocare,none,0.1171875,0.5768492611159854
2,cryocare,none,0.1328125,0.5805426546411142
2,cryocare,none,0.1484375,0.5993566321061469
2,cryocare,none,0.1640625,0.6244160766376476
2,cryocare,none,0.1796875,0.5695975455932673
2,cryocare,none,0.1953125,0.5196574566089995
2,cryocare,none,0.2109375,0.5360782090630198
2,cryocare,none,0.2265625,0.4719466863702254
2,cryocare,none,0.2421875,0.4914092665646899
2,cryocare,none,0.2578125,0.502668398454566
2,cryocare,none,0.2734375,0.46302264857792486
2,cryocare,none,0.2890625,0.426759268837436
2,cryocare,none,0.3046875,0.3455217680339825
2,cryocare,none,0.3203125,0.3533418746826205
2,cryocare,none,0.3359375,0.28275860390921537
2,cryocare,none,0.3515625,0.24505544355258285
2,cryocare,none,0.3671875,0.2172833206024383
2,cryocare,none,0.3828125,0.1864951444113539
2,cryocare,none,0.3984375,0.20223409990837718
2,cryocare,none,0.4140625,0.19100217684276258
2,cryocare,none,0.4296875,0.1614584387962645
2,cryocare,none,0.4453125,0.1804875443070423
2,cryocare,none,0.4609375,0.16205032613584977
2,cryocare,none,0.4765625,0.17981678504208043
2,cryocare,none,0.4921875,0.1493462961873218
2,cryocare,hann,0.0078125,
2,cryocare,hann,0.0234375,0.9138013204893559
2,cryocare,hann,0.0390625,0.6722533749160312
2,cryocare,hann,0.0546875,0.7958463959990264
2,cryocare,hann,0.0703125,0.8132220122534171
2,cryocare,hann,0.0859375,0.827207172728539
2,cryocare,hann,0.1015625,0.7385018336321816
2,cryocare,hann,0.1171875,0.5352248140711992
2,cryocare,hann,0.1328125,0.5821548015514502
2,cryocare,hann,0.1484375,0.66394370123683
2,cryocare,hann,0.1640625,0.7133200949574977
2,cryocare,hann,0.1796875,0.5624855312994667
2,cryocare,hann,0.1953125,0.5269097009625309
2,cryocare,hann,0.2109375,0.5788516270619742
2,cryocare,hann,0.2265625,0.4354714791123555
2,cryocare,hann,0.2421875,0.45174750536696145
2,cryocare,hann,0.2578125,0.519829047625625
2,cryocare,hann,0.2734375,0.47781575709720236
2,cryocare,hann,0.2890625,0.3742743439691385
2,cryocare,hann,0.3046875,0.29818492283925996
2,cryocare,hann,0.3203125,0.3078386330242289
2,cryocare,hann,0.3359375,0.2631237552159398
2,cryocare,hann,0.3515625,0.22320975366770313
2,cryocare,hann,0.3671875,0.205064843672496
2,cryocare,hann,0.3828125,0.15450948397395062
2,cryocare,hann,0.3984375,0.12630299749113802
2,cryocare,hann,0.4140625,0.06443937156589931
2,cryocare,hann,0.4296875,0.030415493466577088
2,cryocare,hann,0.4453125,0.055837297804151365
2,cryocare,hann,0.4609375,0.054332569090833185
2,cryocare,hann,0.4765625,0.04618684856702788
2,cryocare,hann,0.4921875,0.050492218485933535
3,raw,none,0.0078125,
3,raw,none,0.0234375,0.9525052390450949
3,raw,none,0.0390625,0.764660563961667
3,raw,none,0.0546875,0.5915353504478985
3,raw,none,0.0703125,0.7455304501940893
3,raw,none,0.0859375,0.7570762759300156
3,raw,none,0.1015625,0.6462949641462374
3,raw,none,0.1171875,0.5251146986846984
3,raw,none,0.1328125,0.5383099825322392
3,raw,none,0.1484375,0.592391961871349
3,raw,none,0.1640625,0.5533470165320229
3,raw,none,0.1796875,0.4448021100397648
3,raw,none,0.1953125,0.4499305731011702
3,raw,none,0.2109375,0.4460282772322646
3,raw,none,0.2265625,0.4409651552395556
3,raw,none,0.2421875,0.3731660513422198
3,raw,none,0.2578125,0.4206115615566132
3,raw,none,0.2734375,0.3563655330498196
3,raw,none,0.2890625,0.2985752992290489
3,raw,none,0.3046875,0.24595067051956185
3,raw,none,0.3203125,0.220952723729645
3,raw,none,0.3359375,0.22307756395914885
3,raw,none,0.3515625,0.14203959437215488
3,raw,none,0.3671875,0.15703155785958578
3,raw,none,0.3828125,0.10557843647193002
3,raw,none,0.3984375,0.08172638362129411
3,raw,none,0.4140625,0.057107463153368225
3,raw,none,0.4296875,0.04222821464975007
3,raw,none,0.4453125,0.041154011143387154
3,raw,none,0.4609375,0.07560529446745742
3,raw,none,0.4765625,0.06895465187960348
3,raw,none,0.4921875,0.08622846416240271
3,raw,hann,0.0078125,
3,raw,hann,0.0234375,0.9122686432731748
3,raw,hann,0.0390625,0.5785194602889723
3,raw,hann,0.0546875,0.7320566063421992
3,raw,hann,0.0703125,0.8604559496212789
3,raw,hann,0.0859375,0.8390587839317682
3,raw,hann,0.1015625,0.5830900531419259
3,raw,hann,0.1171875,0.5263969187916953
3,raw,hann,0.1328125,0.6072967916892766
3,raw,hann,0.1484375,0.6927131091329682
3,raw,hann,0.1640625,0.6086870323619865
3,raw,hann,0.1796875,0.47396765402042507
3,raw,hann,0.1953125,0.4828495015788566
3,raw,hann,0.2109375,0.5301479062585117
3,raw,hann,0.2265625,0.4696007031718198
3,raw,hann,0.2421875,0.3809282971001929
3,raw,hann,0.2578125,0.39455964728541915
3,raw,hann,0.2734375,0.3087403564743391
3,raw,hann,0.2890625,0.22270507663672776
3,raw,hann,0.3046875,0.14924397504112039
3,raw,hann,0.3203125,0.1539865561132622
3,raw,hann,0.3359375,0.16408315216153768
3,raw,hann,0.3515625,0.16263509698488696
3,raw,hann,0.3671875,0.15009098580101318
3,raw,hann,0.3828125,0.1409824962699941
3,raw,hann,0.3984375,0.1515819126621516
3,raw,hann,0.4140625,0.06388362542833122
3,raw,hann,0.4296875,0.03938603661240301
3,raw,hann,0.4453125,0.05278290147380332
3,raw,hann,0.4609375,0.04893525801675724
3,raw,hann,0.4765625,0.010670071975746643
3,raw,hann,0.4921875,0.008942570668009773
3,gaussian,none,0.0078125,
3,gaussian,none,0.0234375,0.9608463864468247
3,gaussian,none,0.0390625,0.7999882731019957
3,gaussian,none,0.0546875,0.6175542218891059
3,gaussian,none,0.0703125,0.7685563599391876
3,gaussian,none,0.0859375,0.7667859273288352
3,gaussian,none,0.1015625,0.6627969144692357
3,gaussian,none,0.1171875,0.5367082981244833
3,gaussian,none,0.1328125,0.5590137454608636
3,gaussian,none,0.1484375,0.6113071664561224
3,gaussian,none,0.1640625,0.5777330287968248
3,gaussian,none,0.1796875,0.4687472594666062
3,gaussian,none,0.1953125,0.4837641676616881
3,gaussian,none,0.2109375,0.4802222896824982
3,gaussian,none,0.2265625,0.4707398433469507
3,gaussian,none,0.2421875,0.4281533892213613
3,gaussian,none,0.2578125,0.4613037191509651
3,gaussian,none,0.2734375,0.4523730676661172
3,gaussian,none,0.2890625,0.4904802051505863
3,gaussian,none,0.3046875,0.49462976910412904
3,gaussian,none,0.3203125,0.5363760137379314
3,gaussian,none,0.3359375,0.5525668476877872
3,gaussian,none,0.3515625,0.5673360546921941
3,gaussian,none,0.3671875,0.577256812179888
3,gaussian,none,0.3828125,0.5939546163780197
3,gaussian,none,0.3984375,0.5954078936428459
3,gaussian,none,0.4140625,0.6065201523818222
3,gaussian,none,0.4296875,0.5999676049385262
3,gaussian,none,0.4453125,0.6055987452282308
3,gaussian,none,0.4609375,0.6037359198286811
3,gaussian,none,0.4765625,0.6066684241633699
3,gaussian,none,0.4921875,0.6066271422161355
3,gaussian,hann,0.0078125,
3,gaussian,hann,0.0234375,0.9171868373228015
3,gaussian,hann,0.0390625,0.6035839475618918
3,gaussian,hann,0.0546875,0.7203402992600801
3,gaussian,hann,0.0703125,0.8644485246005937
3,gaussian,hann,0.0859375,0.8496922578023909
3,gaussian,hann,0.1015625,0.6098792318429329
3,gaussian,hann,0.1171875,0.5145465445150712
3,gaussian,hann,0.1328125,0.5927071883755651
3,gaussian,hann,0.1484375,0.6929571739141333
3,gaussian,hann,0.1640625,0.6338689159722006
3,gaussian,hann,0.1796875,0.4880719198624612
3,gaussian,hann,0.1953125,0.4832085314024607
3,gaussian,hann,0.2109375,0.53170193646638
3,gaussian,hann,0.2265625,0.5005166864094281
3,gaussian,hann,0.2421875,0.38966263316157296
3,gaussian,hann,0.2578125,0.4198971263954927
3,gaussian,hann,0.2734375,0.3539734538214381
3,gaussian,hann,0.2890625,0.25641940853273343
3,gaussian,hann,0.3046875,0.16231811949579858
3,gaussian,hann,0.3203125,0.15535656289428718
3,gaussian,hann,0.3359375,0.16090057474670805
3,gaussian,hann,0.3515625,0.1744242871318157
3,gaussian,hann,0.3671875,0.16518080689285317
3,gaussian,hann,0.3828125,0.13637788872738504
3,gaussian,hann,0.3984375,0.16017075159853378
3,gaussian,hann,0.4140625,0.1002387914421152
3,gaussian,hann,0.4296875,0.04408402497995386
3,gaussian,hann,0.4453125,0.06955082064555888
3,gaussian,hann,0.4609375,0.13178090906835702
3,gaussian,hann,0.4765625,0.2121413893410212
3,gaussian,hann,0.4921875,0.3387193709443169
3,topaz,none,0.0078125,
3,topaz,none,0.0234375,0.9545282149357587
3,topaz,none,0.0390625,0.7921853118785767
3,topaz,none,0.0546875,0.6260100644007581
3,topaz,none,0.0703125,0.7680730942071771
3,topaz,none,0.0859375,0.761511376932394
3,topaz,none,0.1015625,0.6783859667253879
3,topaz,none,0.1171875,0.5172062612811527
3,topaz,none,0.1328125,0.5747590454721725
3,topaz,none,0.1484375,0.622239917320313
3,topaz,none,0.1640625,0.6004297259241214
3,topaz,none,0.1796875,0.47936137785492783
3,topaz,none,0.1953125,0.5029893760114772
3,topaz,none,0.2109375,0.49435480851246244
3,topaz,none,0.2265625,0.5079101393726351
3,topaz,none,0.2421875,0.44995869710099695
3,topaz,none,0.2578125,0.45540977698520635
3,topaz,none,0.2734375,0.42599877601752856
3,topaz,none,0.2890625,0.4027219520520068
3,topaz,none,0.3046875,0.37311081417506714
3,topaz,none,0.3203125,0.3921093334226521
3,topaz,none,0.3359375,0.39086702656607697
3,topaz,none,0.3515625,0.3418096860705484
3,topaz,none,0.3671875,0.3694062105408165
3,topaz,none,0.3828125,0.3873175351702092
3,topaz,none,0.3984375,0.4054041559957459
3,topaz,none,0.4140625,0.46424210853372383
3,topaz,none,0.4296875,0.4498308022456325
3,topaz,none,0.4453125,0.48199333707766673
3,topaz,none,0.4609375,0.5034062751661296
3,topaz,none,0.4765625,0.5142171531062808
3,topaz,none,0.4921875,0.5301963278435585
3,topaz,hann,0.0078125,
3,topaz,hann,0.0234375,0.9210533122063732
3,topaz,hann,0.0390625,0.631109436838926
3,topaz,hann,0.0546875,0.7403114830918058
3,topaz,hann,0.0703125,0.8716875521505856
3,topaz,hann,0.0859375,0.8403328866271661
3,topaz,hann,0.1015625,0.6015745840281185
3,topaz,hann,0.1171875,0.5270086970176995
3,topaz,hann,0.1328125,0.5641479134906929
3,topaz,hann,0.1484375,0.680535562630137
3,topaz,hann,0.1640625,0.6645371202733438
3,topaz,hann,0.1796875,0.512534928153602
3,topaz,hann,0.1953125,0.4737397338820354
3,topaz,hann,0.2109375,0.5757426058067794
3,topaz,hann,0.2265625,0.5802690168007533
3,topaz,hann,0.2421875,0.44985624864437546
3,topaz,hann,0.2578125,0.4416669821298167
3,topaz,hann,0.2734375,0.36071180585745644
3,topaz,hann,0.2890625,0.28040042283324923
3,topaz,hann,0.3046875,0.20478043054819006
3,topaz,hann,0.3203125,0.1794210195516486
3,topaz,hann,0.3359375,0.17901700730113398
3,topaz,hann,0.3515625,0.22739469017098915
3,topaz,hann,0.3671875,0.21463167495518676
3,topaz,hann,0.3828125,0.15249099786767048
3,topaz,hann,0.3984375,0.1734808237956232
3,topaz,hann,0.4140625,0.12076117618133131
3,topaz,hann,0.4296875,0.07851919410291908
3,topaz,hann,0.4453125,0.10437309446718099
3,topaz,hann,0.4609375,0.1199746241334437
3,topaz,hann,0.4765625,0.0729842316784708
3,topaz,hann,0.4921875,0.05511906847744442
3,cryocare,none,0.0078125,
3,cryocare,none,0.0234375,0.9676815355382085
3,cryocare,none,0.0390625,0.7874571296863654
3,cryocare,none,0.0546875,0.6496570338689547
3,cryocare,none,0.0703125,0.7877646221222764
3,cryocare,none,0.0859375,0.784945756595787
3,cryocare,none,0.1015625,0.6824364322773452
3,cryocare,none,0.1171875,0.5535879730028428
3,cryocare,none,0.1328125,0.5898223620176269
3,cryocare,none,0.1484375,0.6467447770777336
3,cryocare,none,0.1640625,0.6158075498207576
3,cryocare,none,0.1796875,0.47975094749521074
3,cryocare,none,0.1953125,0.48985078884497013
3,cryocare,none,0.2109375,0.5013312375382177
3,cryocare,none,0.2265625,0.5083495038410232
3,cryocare,none,0.2421875,0.4296600825714886
3,cryocare,none,0.2578125,0.47224618337449026
3,cryocare,none,0.2734375,0.419595368810538
3,cryocare,none,0.2890625,0.36233490585677164
3,cryocare,none,0.3046875,0.29828608241395516
3,cryocare,none,0.3203125,0.2918219733818748
3,cryocare,none,0.3359375,0.2659517519909345
3,cryocare,none,0.3515625,0.1914552135287416
3,cryocare,none,0.3671875,0.22074872465357503
3,cryocare,none,0.3828125,0.1906446280620802
3,cryocare,none,0.3984375,0.19860540559954473
3,cryocare,none,0.4140625,0.17411793008483806
3,cryocare,none,0.4296875,0.15143922286755632
3,cryocare,none,0.4453125,0.139367952251327
3,cryocare,none,0.4609375,0.14026242926938584
3,cryocare,none,0.4765625,0.14431132342649797
3,cryocare,none,0.4921875,0.1531669796565411
3,cryocare,hann,0.0078125,
3,cryocare,hann,0.0234375,0.9338541605610085
3,cryocare,hann,0.0390625,0.7079148428089056
3,cryocare,hann,0.0546875,0.763679499122964
3,cryocare,hann,0.0703125,0.8887748714553598
3,cryocare,hann,0.0859375,0.8673137310493796
3,cryocare,hann,0.1015625,0.6328638099671212
3,cryocare,hann,0.1171875,0.522303038190592
3,cryocare,hann,0.1328125,0.6383974789975119
3,cryocare,hann,0.1484375,0.7417674720754506
3,cryocare,hann,0.1640625,0.6918661646945906
3,cryocare,hann,0.1796875,0.5266980993385907
3,cryocare,hann,0.1953125,0.5215168128257589
3,cryocare,hann,0.2109375,0.6081912354812598
3,cryocare,hann,0.2265625,0.5566653712741028
3,cryocare,hann,0.2421875,0.42844109881817627
3,cryocare,hann,0.2578125,0.42546034565738644
3,cryocare,hann,0.2734375,0.37712266590087695
3,cryocare,hann,0.2890625,0.2989341121859292
3,cryocare,hann,0.3046875,0.22241364618530363
3,cryocare,hann,0.3203125,0.18282564316642497
3,cryocare,hann,0.3359375,0.18468634746885795
3,cryocare,hann,0.3515625,0.228413145841392
3,cryocare,hann,0.3671875,0.2094883069632306
3,cryocare,hann,0.3828125,0.1626885958079247
3,cryocare,hann,0.3984375,0.16371449038729557
3,cryocare,hann,0.4140625,0.0873025200207089
3,cryocare,hann,0.4296875,0.057051552523653425
3,cryocare,hann,0.4453125,0.052768701652121386
3,cryocare,hann,0.4609375,0.05836205882102182
3,cryocare,hann,0.4765625,0.04702738440683283
3,cryocare,hann,0.4921875,0.026537292208890173
4,raw,none,0.0078125,
4,raw,none,0.0234375,0.8675046300581856
4,raw,none,0.0390625,0.6240420680041477
4,raw,none,0.0546875,0.6113049775369793
4,raw,none,0.0703125,0.748777725568462
4,raw,none,0.0859375,0.719123148646649
4,raw,none,0.1015625,0.5399925589462934
4,raw,none,0.1171875,0.48736701317743786
4,raw,none,0.1328125,0.6300752701444918
4,raw,none,0.1484375,0.59175988009017
4,raw,none,0.1640625,0.5280383949979669
4,raw,none,0.1796875,0.47849673096802997
4,raw,none,0.1953125,0.4973667388281474
4,raw,none,0.2109375,0.4234151366599839
4,raw,none,0.2265625,0.4930679347464033
4,raw,none,0.2421875,0.43638381705787677
4,raw,none,0.2578125,0.41641802842099385
4,raw,none,0.2734375,0.37573716279014413
4,raw,none,0.2890625,0.3528824851090402
4,raw,none,0.3046875,0.28096015532176166
4,raw,none,0.3203125,0.27362336022835476
4,raw,none,0.3359375,0.2194569267473666
4,raw,none,0.3515625,0.17059783375886903
4,raw,none,0.3671875,0.16804534059681228
4,raw,none,0.3828125,0.11565227351789531
4,raw,none,0.3984375,0.07994006158639042
4,raw,none,0.4140625,0.050593423563898454
4,raw,none,0.4296875,0.0349060321864349
4,raw,none,0.4453125,0.07028732848676729
4,raw,none,0.4609375,0.05603832330864997
4,raw,none,0.4765625,0.09103485727395415
4,raw,none,0.4921875,0.07149849779279759
4,raw,hann,0.0078125,
4,raw,hann,0.0234375,0.8346633659646007
4,raw,hann,0.0390625,0.5490713130749566
4,raw,hann,0.0546875,0.8403033004867866
4,raw,hann,0.0703125,0.8986216010808831
4,raw,hann,0.0859375,0.845600314570446
4,raw,hann,0.1015625,0.6910330120664717
4,raw,hann,0.1171875,0.531032211921922
4,raw,hann,0.1328125,0.7162145835986578
4,raw,hann,0.1484375,0.6888995327209722
4,raw,hann,0.1640625,0.5511374274386864
4,raw,hann,0.1796875,0.5324766339113104
4,raw,hann,0.1953125,0.4990550397761513
4,raw,hann,0.2109375,0.48723706776135006
4,raw,hann,0.2265625,0.4940601616112072
4,raw,hann,0.2421875,0.4033234162603206
4,raw,hann,0.2578125,0.38258362118907874
4,raw,hann,0.2734375,0.3980119519518239
4,raw,hann,0.2890625,0.3573310617308228
4,raw,hann,0.3046875,0.30298135969103007
4,raw,hann,0.3203125,0.2293056525272527
4,raw,hann,0.3359375,0.20442450391456757
4,raw,hann,0.3515625,0.13106162403619737
4,raw,hann,0.3671875,0.07718243402281622
4,raw,hann,0.3828125,0.10130002721132307
4,raw,hann,0.3984375,0.11023664572815176
4,raw,hann,0.4140625,0.05022621481594221
4,raw,hann,0.4296875,0.008281379475078206
4,raw,hann,0.4453125,-0.010543420550413634
4,raw,hann,0.4609375,-0.01193427879650799
4,raw,hann,0.4765625,0.004090002015355605
4,raw,hann,0.4921875,-0.00127980828565366
4,gaussian,none,0.0078125,
4,gaussian,none,0.0234375,0.8943195357678981
4,gaussian,none,0.0390625,0.6213122757874214
4,gaussian,none,0.0546875,0.6387889171686963
4,gaussian,none,0.0703125,0.7503687094451142
4,gaussian,none,0.0859375,0.7306077570625135
4,gaussian,none,0.1015625,0.5567518327991051
4,gaussian,none,0.1171875,0.5004855198533403
4,gaussian,none,0.1328125,0.6375986384067158
4,gaussian,none,0.1484375,0.6010379156932653
4,gaussian,none,0.1640625,0.5656238420903715
4,gaussian,none,0.1796875,0.5125717381302656
4,gaussian,none,0.1953125,0.5172387733183922
4,gaussian,none,0.2109375,0.4601270090403909
4,gaussian,none,0.2265625,0.5154195959736718
4,gaussian,none,0.2421875,0.4904100727866217
4,gaussian,none,0.2578125,0.48108710827567003
4,gaussian,none,0.2734375,0.4921006125529375
4,gaussian,none,0.2890625,0.511874951188127
4,gaussian,none,0.3046875,0.5148300679503195
4,gaussian,none,0.3203125,0.5396973133932071
4,gaussian,none,0.3359375,0.5724104505346043
4,gaussian,none,0.3515625,0.5803300705224006
4,gaussian,none,0.3671875,0.5891481844948101
4,gaussian,none,0.3828125,0.5962621183081357
4,gaussian,none,0.3984375,0.6025147872364425
4,gaussian,none,0.4140625,0.5973466009417429
4,gaussian,none,0.4296875,0.6056098100523251
4,gaussian,none,0.4453125,0.6063098264597759
4,gaussian,none,0.4609375,0.6039684872733144
4,gaussian,none,0.4765625,0.6078999830378493
4,gaussian,none,0.4921875,0.6109916592818123
4,gaussian,hann,0.0078125,
4,gaussian,hann,0.0234375,0.8524175470758251
4,gaussian,hann,0.0390625,0.5316722468855157
4,gaussian,hann,0.0546875,0.8313517803410951
4,gaussian,hann,0.0703125,0.9011306083483841
4,gaussian,hann,0.0859375,0.8562682910056251
4,gaussian,hann,0.1015625,0.7209724559255865
4,gaussian,hann,0.1171875,0.5202903272067683
4,gaussian,hann,0.1328125,0.7081138394993367
4,gaussian,hann,0.1484375,0.7110443126608998
4,gaussian,hann,0.1640625,0.5746118005611225
4,gaussian,hann,0.1796875,0.5469443935173213
4,gaussian,hann,0.1953125,0.5070300242247195
4,gaussian,hann,0.2109375,0.493570968805331
4,gaussian,hann,0.2265625,0.5029586371645317
4,gaussian,hann,0.2421875,0.43311459478849357
4,gaussian,hann,0.2578125,0.3916221617732953
4,gaussian,hann,0.2734375,0.4158739735473685
4,gaussian,hann,0.2890625,0.3736012668462778
4,gaussian,hann,0.3046875,0.33053940535806176
4,gaussian,hann,0.3203125,0.2510457390931107
4,gaussian,hann,0.3359375,0.22227275429310597
4,gaussian,hann,0.3515625,0.15791394057632158
4,gaussian,hann,0.3671875,0.09265484515292197
4,gaussian,hann,0.3828125,0.10600237823627855
4,gaussian,hann,0.3984375,0.12100041827858334
4,gaussian,hann,0.4140625,0.07805835921161945
4,gaussian,hann,0.4296875,0.025725218837342977
4,gaussian,hann,0.4453125,0.03796818862398078
4,gaussian,hann,0.4609375,0.07907973510862829
4,gaussian,hann,0.4765625,0.20954474316154786
4,gaussian,hann,0.4921875,0.37135458175783215
4,topaz,none,0.0078125,
4,topaz,none,0.0234375,0.8859467013371448
4,topaz,none,0.0390625,0.6284619370310345
4,topaz,none,0.0546875,0.6312954006357353
4,topaz,none,0.0703125,0.7435775751783407
4,topaz,none,0.0859375,0.7344301557731882
4,topaz,none,0.1015625,0.5727693004662628
4,topaz,none,0.1171875,0.506231888272945
4,topaz,none,0.1328125,0.6523030610339074
4,topaz,none,0.1484375,0.6260257255585625
4,topaz,none,0.1640625,0.5702000459859184
4,topaz,none,0.1796875,0.5523666353978416
4,topaz,none,0.1953125,0.5430102464373836
4,topaz,none,0.2109375,0.4825976235509671
4,topaz,none,0.2265625,0.5327757967026863
4,topaz,none,0.2421875,0.5148503404722956
4,topaz,none,0.2578125,0.4925898858392971
4,topaz,none,0.2734375,0.47627406795264315
4,topaz,none,0.2890625,0.4652320502069843
4,topaz,none,0.3046875,0.395126151640788
4,topaz,none,0.3203125,0.4008870886548765
4,topaz,none,0.3359375,0.38437216618019077
4,topaz,none,0.3515625,0.3799696709667656
4,topaz,none,0.3671875,0.39362137713074835
4,topaz,none,0.3828125,0.3887036467460676
4,topaz,none,0.3984375,0.4083846423498992
4,topaz,none,0.4140625,0.4385693503841272
4,topaz,none,0.4296875,0.447335996176278
4,topaz,none,0.4453125,0.4966482050108546
4,topaz,none,0.4609375,0.49930055828182496
4,topaz,none,0.4765625,0.5255947037323437
4,topaz,none,0.4921875,0.5257759341498012
4,topaz,hann,0.0078125,
4,topaz,hann,0.0234375,0.8147034358768074
4,topaz,hann,0.0390625,0.5032303528977202
4,topaz,hann,0.0546875,0.7991963454708199
4,topaz,hann,0.0703125,0.8917231389976684
4,topaz,hann,0.0859375,0.8487295421922492
4,topaz,hann,0.1015625,0.7216812847831547
4,topaz,hann,0.1171875,0.5563496814681066
4,topaz,hann,0.1328125,0.7304849284527734
4,topaz,hann,0.1484375,0.7071182864856435
4,topaz,hann,0.1640625,0.5996766167455992
4,topaz,hann,0.1796875,0.6190981198838235
4,topaz,hann,0.1953125,0.5464342204214188
4,topaz,hann,0.2109375,0.5175074754338533
4,topaz,hann,0.2265625,0.5319948947593962
4,topaz,hann,0.2421875,0.4699559355124257
4,topaz,hann,0.2578125,0.4239804763589503
4,topaz,hann,0.2734375,0.4437019909796183
4,topaz,hann,0.2890625,0.44445725219395954
4,topaz,hann,0.3046875,0.37305666595092846
4,topaz,hann,0.3203125,0.2783794831999757
4,topaz,hann,0.3359375,0.23055242211898422
4,topaz,hann,0.3515625,0.19035555745787267
4,topaz,hann,0.3671875,0.12130892326413821
4,topaz,hann,0.3828125,0.13217786491392924
4,topaz,hann,0.3984375,0.12276157125147114
4,topaz,hann,0.4140625,0.07677152312731113
4,topaz,hann,0.4296875,0.06300425481256688
4,topaz,hann,0.4453125,0.040147327305696506
4,topaz,hann,0.4609375,0.051769937136106677
4,topaz,hann,0.4765625,0.08717058560859883
4,topaz,hann,0.4921875,0.07089680446739663
4,cryocare,none,0.0078125,
4,cryocare,none,0.0234375,0.8811315827210907
4,cryocare,none,0.0390625,0.6383743138254891
4,cryocare,none,0.0546875,0.6272740865994777
4,cryocare,none,0.0703125,0.7744312317022252
4,cryocare,none,0.0859375,0.7530307306084746
4,cryocare,none,0.1015625,0.5638659252603356
4,cryocare,none,0.1171875,0.5160739633826509
4,cryocare,none,0.1328125,0.6598307289033228
4,cryocare,none,0.1484375,0.6327946219399803
4,cryocare,none,0.1640625,0.5790342176554931
4,cryocare,none,0.1796875,0.543135543897081
4,cryocare,none,0.1953125,0.5399984275782336
4,cryocare,none,0.2109375,0.47485283888432234
4,cryocare,none,0.2265625,0.5380463607109647
4,cryocare,none,0.2421875,0.4838543326236329
4,cryocare,none,0.2578125,0.4896234173567986
4,cryocare,none,0.2734375,0.44605995783633245
4,cryocare,none,0.2890625,0.43066014062585345
4,cryocare,none,0.3046875,0.3427310183367811
4,cryocare,none,0.3203125,0.34324622603302724
4,cryocare,none,0.3359375,0.27193452677094265
4,cryocare,none,0.3515625,0.22860715485264504
4,cryocare,none,0.3671875,0.22695659863922674
4,cryocare,none,0.3828125,0.19089307123401242
4,cryocare,none,0.3984375,0.1861191674522251
4,cryocare,none,0.4140625,0.1823603810632282
4,cryocare,none,0.4296875,0.14798318465703716
4,cryocare,none,0.4453125,0.19487609752613438
4,cryocare,none,0.4609375,0.17396725020814321
4,cryocare,none,0.4765625,0.19079673413545703
4,cryocare,none,0.4921875,0.14845925768573037
4,cryocare,hann,0.0078125,
4,cryocare,hann,0.0234375,0.8356871035324948
4,cryocare,hann,0.0390625,0.48494614756765564
4,cryocare,hann,0.0546875,0.8439727538585725
4,cryocare,hann,0.0703125,0.9091286790372977
4,cryocare,hann,0.0859375,0.8709623007523501
4,cryocare,hann,0.1015625,0.727793060865606
4,cryocare,hann,0.1171875,0.5409619872787758
4,cryocare,hann,0.1328125,0.7497800206434856
4,cryocare,hann,0.1484375,0.7436892368918091
4,cryocare,hann,0.1640625,0.6029255272907361
4,cryocare,hann,0.1796875,0.5970244740547285
4,cryocare,hann,0.1953125,0.5475695431603393
4,cryocare,hann,0.2109375,0.5446764785524769
4,cryocare,hann,0.2265625,0.5533679459509161
4,cryocare,hann,0.2421875,0.4657630610549584
4,cryocare,hann,0.2578125,0.4647805985502545
4,cryocare,hann,0.2734375,0.47152302699813653
4,cryocare,hann,0.2890625,0.44646505825860083
4,cryocare,hann,0.3046875,0.3983748464402912
4,cryocare,hann,0.3203125,0.31325853394207287
4,cryocare,hann,0.3359375,0.24956619484571615
4,cryocare,hann,0.3515625,0.19618155340968985
4,cryocare,hann,0.3671875,0.10995401510743559
4,cryocare,hann,0.3828125,0.12649061077509996
4,cryocare,hann,0.3984375,0.07527151638600027
4,cryocare,hann,0.4140625,0.029295203330746207
4,cryocare,hann,0.4296875,0.0397739897107688
4,cryocare,hann,0.4453125,0.06852762812372316
4,cryocare,hann,0.4609375,0.07203711620766536
4,cryocare,hann,0.4765625,0.05976226507215902
4,cryocare,hann,0.4921875,0.059647852192040246
5,raw,none,0.0078125,
5,raw,none,0.0234375,0.9412352312909086
5,raw,none,0.0390625,0.7271452099031948
5,raw,none,0.0546875,0.5767875049752654
5,raw,none,0.0703125,0.6692353943055983
5,raw,none,0.0859375,0.687887919762995
5,raw,none,0.1015625,0.6217289994188256
5,raw,none,0.1171875,0.5400906803598827
5,raw,none,0.1328125,0.49516039740007034
5,raw,none,0.1484375,0.6114572937120318
5,raw,none,0.1640625,0.47683016066439876
5,raw,none,0.1796875,0.48380200495879916
5,raw,none,0.1953125,0.4371249490695356
5,raw,none,0.2109375,0.453149709879317
5,raw,none,0.2265625,0.37715490214904607
5,raw,none,0.2421875,0.3759575997063743
5,raw,none,0.2578125,0.3555358065486347
5,raw,none,0.2734375,0.35570098478760037
5,raw,none,0.2890625,0.30000844496359586
5,raw,none,0.3046875,0.2760613941545215
5,raw,none,0.3203125,0.2533006263317077
5,raw,none,0.3359375,0.20604118588933595
5,raw,none,0.3515625,0.14102455117308468
5,raw,none,0.3671875,0.1316280948693543
5,raw,none,0.3828125,0.09987272281225104
5,raw,none,0.3984375,0.07538804775464732
5,raw,none,0.4140625,0.08666272721206626
5,raw,none,0.4296875,0.07180159715404452
5,raw,none,0.4453125,0.06284122771235161
5,raw,none,0.4609375,0.06783225645311079
5,raw,none,0.4765625,0.054011054095796755
5,raw,none,0.4921875,0.12367350807616379
5,raw,hann,0.0078125,
5,raw,hann,0.0234375,0.9710415055787688
5,raw,hann,0.0390625,0.7795661174362672
5,raw,hann,0.0546875,0.7660796094864629
5,raw,hann,0.0703125,0.8306016278416422
5,raw,hann,0.0859375,0.8401458929492465
5,raw,hann,0.1015625,0.516087135248542
5,raw,hann,0.1171875,0.5486998891464174
5,raw,hann,0.1328125,0.6326223336104302
5,raw,hann,0.1484375,0.7440103221708118
5,raw,hann,0.1640625,0.6678973341483435
5,raw,hann,0.1796875,0.5467414889529124
5,raw,hann,0.1953125,0.5944742493253229
5,raw,hann,0.2109375,0.5719338098502488
5,raw,hann,0.2265625,0.4394828253601282
5,raw,hann,0.2421875,0.3875705807788978
5,raw,hann,0.2578125,0.4207696186031039
5,raw,hann,0.2734375,0.3766575101696804
5,raw,hann,0.2890625,0.2949165436079129
5,raw,hann,0.3046875,0.19224653997460872
5,raw,hann,0.3203125,0.21901808759788852
5,raw,hann,0.3359375,0.2666919931795986
5,raw,hann,0.3515625,0.14900301555686754
5,raw,hann,0.3671875,0.1140697590049696
5,raw,hann,0.3828125,0.08531559227816797
5,raw,hann,0.3984375,0.008662273818261124
5,raw,hann,0.4140625,0.0163787807921343
5,raw,hann,0.4296875,0.006187190529174004
5,raw,hann,0.4453125,0.05845797026300046
5,raw,hann,0.4609375,0.020746733448741932
5,raw,hann,0.4765625,0.024028797532574423
5,raw,hann,0.4921875,0.08372346669531687
5,gaussian,none,0.0078125,
5,gaussian,none,0.0234375,0.95003046464899
5,gaussian,none,0.0390625,0.7237702063942592
5,gaussian,none,0.0546875,0.5680765849855602
5,gaussian,none,0.0703125,0.684509233180866
5,gaussian,none,0.0859375,0.7016277101535123
5,gaussian,none,0.1015625,0.6217630381511281
5,gaussian,none,0.1171875,0.5437090975280411
5,gaussian,none,0.1328125,0.5113160362238939
5,gaussian,none,0.1484375,0.6171751437836703
5,gaussian,none,0.1640625,0.512871413761017
5,gaussian,none,0.1796875,0.4930428493500921
5,gaussian,none,0.1953125,0.4655058783980983
5,gaussian,none,0.2109375,0.4811135083271377
5,gaussian,none,0.2265625,0.41907824075419353
5,gaussian,none,0.2421875,0.4245222601526927
5,gaussian,none,0.2578125,0.4253440648264796
5,gaussian,none,0.2734375,0.4537553270460059
5,gaussian,none,0.2890625,0.44995152726983156
5,gaussian,none,0.3046875,0.48144494900953555
5,gaussian,none,0.3203125,0.5014796786095204
5,gaussian,none,0.3359375,0.5216911436700381
5,gaussian,none,0.3515625,0.5390844634409873
5,gaussian,none,0.3671875,0.5495551497230892
5,gaussian,none,0.3828125,0.5590262133149032
5,gaussian,none,0.3984375,0.5614476499030367
5,gaussian,none,0.4140625,0.5622803072153773
5,gaussian,none,0.4296875,0.5583917229537215
5,gaussian,none,0.4453125,0.5686228226127292
5,gaussian,none,0.4609375,0.5652539759290965
5,gaussian,none,0.4765625,0.5697362621992913
5,gaussian,none,0.4921875,0.5703807781953385
5,gaussian,hann,0.0078125,
5,gaussian,hann,0.0234375,0.9739964648204088
5,gaussian,hann,0.0390625,0.7938620288302272
5,gaussian,hann,0.0546875,0.7534515875537642
5,gaussian,hann,0.0703125,0.8313352638518839
5,gaussian,hann,0.0859375,0.8524751263559722
5,gaussian,hann,0.1015625,0.5546058468459197
5,gaussian,hann,0.1171875,0.5377740714242933
5,gaussian,hann,0.1328125,0.6145265674485699
5,gaussian,hann,0.1484375,0.7401429431574638
5,gaussian,hann,0.1640625,0.6911560017327776
5,gaussian,hann,0.1796875,0.5648750277994091
5,gaussian,hann,0.1953125,0.5859127900389853
5,gaussian,hann,0.2109375,0.5884120180849657
5,gaussian,hann,0.2265625,0.4870429480319551
5,gaussian,hann,0.2421875,0.4076887393496005
5,gaussian,hann,0.2578125,0.420819259960714
5,gaussian,hann,0.2734375,0.40607147048355324
5,gaussian,hann,0.2890625,0.3265515981579263
5,gaussian,hann,0.3046875,0.2166802430122921
5,gaussian,hann,0.3203125,0.21138739786351912
5,gaussian,hann,0.3359375,0.27423305397496317
5,gaussian,hann,0.3515625,0.18943334809133308
5,gaussian,hann,0.3671875,0.1310161665485771
5,gaussian,hann,0.3828125,0.09266633639954408
5,gaussian,hann,0.3984375,0.04004292243396982
5,gaussian,hann,0.4140625,0.027319313640517436
5,gaussian,hann,0.4296875,0.023299988750318867
5,gaussian,hann,0.4453125,0.0743655513404174
5,gaussian,hann,0.4609375,0.13655699350047376
5,gaussian,hann,0.4765625,0.25411122275465925
5,gaussian,hann,0.4921875,0.4195993198323909
5,topaz,none,0.0078125,
5,topaz,none,0.0234375,0.9464309023167214
5,topaz,none,0.0390625,0.7102873306750844
5,topaz,none,0.0546875,0.5752650959239737
5,topaz,none,0.0703125,0.690208899044479
5,topaz,none,0.0859375,0.710861286991045
5,topaz,none,0.1015625,0.647071648751169
5,topaz,none,0.1171875,0.5399449846273513
5,topaz,none,0.1328125,0.5310554300238582
5,topaz,none,0.1484375,0.6423551747005714
5,topaz,none,0.1640625,0.5343736462347005
5,topaz,none,0.1796875,0.51263595889974
5,topaz,none,0.1953125,0.481140692197753
5,topaz,none,0.2109375,0.5083852035130736
5,topaz,none,0.2265625,0.46344990723642265
5,topaz,none,0.2421875,0.4502607846576693
5,topaz,none,0.2578125,0.43786439344175965
5,topaz,none,0.2734375,0.4486413426409054
5,topaz,none,0.2890625,0.40170665186100124
5,topaz,none,0.3046875,0.3998088997658837
5,topaz,none,0.3203125,0.3649229485910943
5,topaz,none,0.3359375,0.34137748460356904
5,topaz,none,0.3515625,0.3217347826425744
5,topaz,none,0.3671875,0.33359757011002283
5,topaz,none,0.3828125,0.37117460048968354
5,topaz,none,0.3984375,0.3726466393033337
5,topaz,none,0.4140625,0.42485355818144055
5,topaz,none,0.4296875,0.4115062702523756
5,topaz,none,0.4453125,0.45005414931698695
5,topaz,none,0.4609375,0.4721807797879149
5,topaz,none,0.4765625,0.47644738722928615
5,topaz,none,0.4921875,0.4943325902067279
5,topaz,hann,0.0078125,
5,topaz,hann,0.0234375,0.9785375288950983
5,topaz,hann,0.0390625,0.7980871333397003
5,topaz,hann,0.0546875,0.765908362558712
5,topaz,hann,0.0703125,0.837043316683258
5,topaz,hann,0.0859375,0.838039336730736
5,topaz,hann,0.1015625,0.5550746167619072
5,topaz,hann,0.1171875,0.5160071545321415
5,topaz,hann,0.1328125,0.6219824637662792
5,topaz,hann,0.1484375,0.7463850359300305
5,topaz,hann,0.1640625,0.71898773731314
5,topaz,hann,0.1796875,0.6023183748302318
5,topaz,hann,0.1953125,0.5827646013391666
5,topaz,hann,0.2109375,0.6443036732066828
5,topaz,hann,0.2265625,0.6143139495057616
5,topaz,hann,0.2421875,0.4989023991919479
5,topaz,hann,0.2578125,0.48647150534600286
5,topaz,hann,0.2734375,0.4683500992033174
5,topaz,hann,0.2890625,0.37550788637168986
5,topaz,hann,0.3046875,0.2596686854653008
5,topaz,hann,0.3203125,0.23953688335333637
5,topaz,hann,0.3359375,0.27019970348882355
5,topaz,hann,0.3515625,0.13964789935808916
5,topaz,hann,0.3671875,0.10651495493801459
5,topaz,hann,0.3828125,0.10074335402963559
5,topaz,hann,0.3984375,0.028177469221805813
5,topaz,hann,0.4140625,0.02585259174092344
5,topaz,hann,0.4296875,0.03806556283023413
5,topaz,hann,0.4453125,0.10483756423066265
5,topaz,hann,0.4609375,0.06887224688502373
5,topaz,hann,0.4765625,0.08123503317374273
5,topaz,hann,0.4921875,0.1290171857440315
5,cryocare,none,0.0078125,
5,cryocare,none,0.0234375,0.9516249183540882
5,cryocare,none,0.0390625,0.7134908541088605
5,cryocare,none,0.0546875,0.6016691538043399
5,cryocare,none,0.0703125,0.7136915729839342
5,cryocare,none,0.0859375,0.7307981269062124
5,cryocare,none,0.1015625,0.6605324891203537
5,cryocare,none,0.1171875,0.5552947213467235
5,cryocare,none,0.1328125,0.5565194774642382
5,cryocare,none,0.1484375,0.6737984381491956
5,cryocare,none,0.1640625,0.5279898174321139
5,cryocare,none,0.1796875,0.5295594525275463
5,cryocare,none,0.1953125,0.48249844810917947
5,cryocare,none,0.2109375,0.517401756808387
5,cryocare,none,0.2265625,0.44124004960143337
5,cryocare,none,0.2421875,0.42674633138994017
5,cryocare,none,0.2578125,0.4307549487373562
5,cryocare,none,0.2734375,0.45288281747082987
5,cryocare,none,0.2890625,0.3864841050796367
5,cryocare,none,0.3046875,0.3543894924707393
5,cryocare,none,0.3203125,0.305751533043669
5,cryocare,none,0.3359375,0.26513822497941253
5,cryocare,none,0.3515625,0.2238205072573098
5,cryocare,none,0.3671875,0.19884610506318584
5,cryocare,none,0.3828125,0.17285814193662935
5,cryocare,none,0.3984375,0.17230967000151573
5,cryocare,none,0.4140625,0.17706438437937497
5,cryocare,none,0.4296875,0.16345056127716254
5,cryocare,none,0.4453125,0.1646148899949948
5,cryocare,none,0.4609375,0.14343433290227145
5,cryocare,none,0.4765625,0.14532029743643013
5,cryocare,none,0.4921875,0.1544940661366257
5,cryocare,hann,0.0078125,
5,cryocare,hann,0.0234375,0.9794399673135111
5,cryocare,hann,0.0390625,0.8382877245751977
5,cryocare,hann,0.0546875,0.7855168798527359
5,cryocare,hann,0.0703125,0.8556289196980363
5,cryocare,hann,0.0859375,0.8720565239111654
5,cryocare,hann,0.1015625,0.5844155530658067
5,cryocare,hann,0.1171875,0.5591489283580334
5,cryocare,hann,0.1328125,0.6811823521603795
5,cryocare,hann,0.1484375,0.7913561978528421
5,cryocare,hann,0.1640625,0.7434308707929336
5,cryocare,hann,0.1796875,0.6199999841608711
5,cryocare,hann,0.1953125,0.6398572197175412
5,cryocare,hann,0.2109375,0.666015745750394
5,cryocare,hann,0.2265625,0.5677077400462582
5,cryocare,hann,0.2421875,0.4661785523802104
5,cryocare,hann,0.2578125,0.5098000832006724
5,cryocare,hann,0.2734375,0.49295961914262376
5,cryocare,hann,0.2890625,0.3960704205834794
5,cryocare,hann,0.3046875,0.2540560271856014
5,cryocare,hann,0.3203125,0.23132757774587293
5,cryocare,hann,0.3359375,0.30615444092737965
5,cryocare,hann,0.3515625,0.2250551765698024
5,cryocare,hann,0.3671875,0.13691310901261175
5,cryocare,hann,0.3828125,0.09838845634774776
5,cryocare,hann,0.3984375,0.07282120334926011
5,cryocare,hann,0.4140625,0.04978709553764059
5,cryocare,hann,0.4296875,0.05152839069619119
5,cryocare,hann,0.4453125,0.03808604144225
5,cryocare,hann,0.4609375,0.02653521018669947
5,cryocare,hann,0.4765625,0.04147348499022496
5,cryocare,hann,0.4921875,0.04102231395880296
