run,method,n_ribosomes,SNR_region,CNR,sharpness,runtime_s
TS_69_2,raw,37,0.08891430731360496,0.06430155426189671,21.198588584264463,0.0
TS_69_2,gaussian,37,0.3558048865145953,0.26104609771279624,16.895504850951326,0.8100910186767578
TS_69_2,topaz,37,0.19789034956612164,0.14472534088057773,19.428037121527975,37.80638670921326
TS_6_4,raw,74,0.14713161036416025,0.10674534569260476,21.145138248760187,0.0
TS_6_4,gaussian,74,0.5011989429366881,0.3794638627976428,15.446191430390055,0.864370584487915
TS_6_4,topaz,74,0.3146329479240521,0.23593604490302936,18.375006646568153,37.33173370361328
TS_6_6,raw,23,0.19149256244766605,0.1399705334707127,21.252475995551936,0.0
TS_6_6,gaussian,23,0.6054905960757593,0.47129173042188993,17.117620245480502,0.8556690216064453
TS_6_6,topaz,23,0.38676196309835387,0.29631863203044145,19.656593638101793,37.427161693573
TS_73_6,raw,46,0.13420871346908123,0.09710656753418352,21.2835948797846,0.0
TS_73_6,gaussian,46,0.4668543114922008,0.35181134587128315,16.663734965673353,0.8672559261322021
TS_73_6,topaz,46,0.2846588362807108,0.21338612534056378,19.355816016919654,38.06367206573486
TS_99_9,raw,65,0.09299343469257003,0.0666612620658476,20.904793390168575,0.0
TS_99_9,gaussian,65,0.37394284935009736,0.2720329523452173,14.050573290394722,1.062164068222046
TS_99_9,topaz,65,0.20731414152629155,0.14972188357924643,17.71760910591512,38.183969020843506
