run,protocol,method,macro_F1
TS_69_2,per_input,raw,0.04417973174885703
TS_69_2,per_input,topaz,0.02229255106744898
TS_69_2,raw_fixed,raw,0.04417973174885703
TS_69_2,raw_fixed,topaz,0.002707057445862661
TS_6_4,per_input,raw,0.0037272544982645214
TS_6_4,per_input,topaz,0.0016085601312272914
TS_6_4,raw_fixed,raw,0.0037272544982645214
TS_6_4,raw_fixed,topaz,0.004126233620972126
TS_6_6,per_input,raw,0.022466852490353267
TS_6_6,per_input,topaz,0.008967928627899876
TS_6_6,raw_fixed,raw,0.022466852490353267
TS_6_6,raw_fixed,topaz,0.0028298605181737123
TS_73_6,per_input,raw,0.026121654957421414
TS_73_6,per_input,topaz,0.012075156192124044
TS_73_6,raw_fixed,raw,0.026121654957421414
TS_73_6,raw_fixed,topaz,0.004116172298146814
TS_99_9,per_input,raw,0.030387439808599075
TS_99_9,per_input,topaz,0.010787652531544447
TS_99_9,raw_fixed,raw,0.030387439808599075
TS_99_9,raw_fixed,topaz,0.0038047625983575217
