crop,method,cross_half_mse,raw_pair_mse,cross_mse_ratio,fsc_band_mean,fsc_cross_status,crossing_cycles_voxel,frequency_bound,hann_fsc_band_mean,hann_fsc_cross_status,hann_crossing_cycles_voxel,hann_frequency_bound
0,raw,3.540994512475764,3.540994512475764,1.0,0.6054213505689966,crossing,0.383583492105868,,0.6224668664905548,crossing,0.36525379158163734,
0,gaussian,2.491991715781693,3.540994512475764,0.7037547522318419,0.6256556433911142,no_crossing,,0.4921875,0.6290969898177,crossing,0.3729936439461557,
0,topaz,2.42178848939922,3.540994512475764,0.6839289021394087,0.6316909715149764,no_crossing,,0.4921875,0.6295650450601192,crossing,0.37999957004346946,
0,cryocare,2.2931202550884464,3.540994512475764,0.6475921515860134,0.6354427077628174,no_crossing,,0.4921875,0.647423911712433,crossing,0.3778639690630354,
1,raw,3.6639551533605017,3.6639551533605017,1.0,0.5949547096802975,crossing,0.35947658407646754,,0.636704695314535,crossing,0.36906862515251343,
1,gaussian,2.4364319856738854,3.6639551533605017,0.664973200733432,0.6046360311645004,no_crossing,,0.4921875,0.6420036736204661,crossing,0.3739664197291346,
1,topaz,2.37892660563904,3.6639551533605017,0.6492783088398719,0.6123846359936266,no_crossing,,0.4921875,0.6362101564969304,crossing,0.37561588494430453,
1,cryocare,2.3028097285690463,3.6639551533605017,0.6285037977216937,0.630367187841624,no_crossing,,0.4921875,0.6792530840883674,crossing,0.3760877855961688,
2,raw,3.5895593994986594,3.5895593994986594,1.0,0.5937651168528542,crossing,0.37039297204968447,,0.6239647140556501,crossing,0.38161558926240285,
2,gaussian,2.4507402386291677,3.5895593994986594,0.6827412408808317,0.6043770756864435,no_crossing,,0.4921875,0.6310462731290076,crossing,0.3841979623932842,
2,topaz,2.3833074969126953,3.5895593994986594,0.6639554417864106,0.6219826915767535,no_crossing,,0.4921875,0.6561134178646221,crossing,0.4036233311229602,
2,cryocare,2.2803558219656335,3.5895593994986594,0.6352745750033061,0.6312731892803827,no_crossing,,0.4921875,0.6758816058692138,crossing,0.38918818550774875,
3,raw,3.5735892605757638,3.5735892605757638,1.0,0.5844333383479485,crossing,0.3513773233721605,,0.640657240061238,crossing,0.3793516083039632,
3,gaussian,2.3614041203061156,3.5735892605757638,0.6607933783429981,0.6052967089592952,no_crossing,,0.4921875,0.644972058754789,crossing,0.3792201386968783,
3,topaz,2.3099697234751333,3.5735892605757638,0.646400454847729,0.6130966206129882,no_crossing,,0.4921875,0.6476410461345187,crossing,0.4074713781338421,
3,cryocare,2.234238855362973,3.5735892605757638,0.6252086326795712,0.6280368243123505,crossing,0.4406111932463666,,0.6795180977717319,crossing,0.402673274980657,
4,raw,3.6156059712018602,3.6156059712018602,1.0,0.5832302438904627,crossing,0.37465668378028427,,0.6794373657572288,crossing,0.349019836397594,
4,gaussian,2.45380863645463,3.6156059712018602,0.6786714747124288,0.601107364396778,no_crossing,,0.4921875,0.6877757833290858,crossing,0.35513334817055964,
4,topaz,2.3905654543287755,3.6156059712018602,0.6611797506059903,0.6132210034740085,no_crossing,,0.4921875,0.7020492164901257,crossing,0.36227888891481846,
4,cryocare,2.2891277609369176,3.6156059712018602,0.6331242339927851,0.6189469477527275,no_crossing,,0.4921875,0.71338075838337,crossing,0.361199349066868,
5,raw,3.53580226335989,3.53580226335989,1.0,0.5600105304627403,crossing,0.3510877539899172,,0.6687359882880133,crossing,0.35424753790755115,
5,gaussian,2.3285600836897826,3.53580226335989,0.658566263113671,0.571959698551588,no_crossing,,0.4921875,0.6726255226209039,crossing,0.36398215197167316,
5,topaz,2.278731236237648,3.53580226335989,0.6444736064149379,0.5864912817394641,no_crossing,,0.4921875,0.6784511000445603,crossing,0.35116130621429476,
5,cryocare,2.2036953024943493,3.53580226335989,0.6232518501756633,0.6032351697843837,no_crossing,,0.4921875,0.7132593429570344,crossing,0.36610847298924565,
