run,method,target,threshold,n_gt,n_pred,precision,recall,f1,tp,fp,fn,mean_loc_error
TS_5_4,raw,ferritin complex,0.3,46,11224,0.0032074126870990736,0.782608695652174,0.006388642413487133,36,11188,10,2.6233680784597095
TS_5_4,raw,ferritin complex,0.35,46,4545,0.007700770077007701,0.7608695652173914,0.015247222827270748,35,4510,11,2.545821447688661
TS_5_4,raw,ferritin complex,0.4,46,1738,0.014959723820483314,0.5652173913043478,0.02914798206278027,26,1712,20,2.4283619179081657
TS_5_4,raw,ferritin complex,0.45,46,777,0.02059202059202059,0.34782608695652173,0.03888213851761847,16,761,30,2.469527258413224
TS_5_4,raw,ferritin complex,0.5,46,343,0.03206997084548105,0.2391304347826087,0.056555269922879174,11,332,35,2.2639700847800346
TS_5_4,raw,ferritin complex,0.55,46,154,0.032467532467532464,0.10869565217391304,0.049999999999999996,5,149,41,2.0143739712049458
TS_5_4,raw,ferritin complex,0.6,46,72,0.0,0.0,0.0,0,72,46,nan
TS_5_4,raw,ferritin complex,0.65,46,39,0.0,0.0,0.0,0,39,46,nan
TS_5_4,raw,ferritin complex,0.7,46,20,0.0,0.0,0.0,0,20,46,nan
TS_5_4,raw,ferritin complex,0.75,46,12,0.0,0.0,0.0,0,12,46,nan
TS_5_4,raw,ferritin complex,0.8,46,10,0.0,0.0,0.0,0,10,46,nan
TS_5_4,raw,ferritin complex,0.85,46,7,0.0,0.0,0.0,0,7,46,nan
TS_5_4,raw,Beta-amylase,0.3,8,208434,1.4393045280520452e-05,0.375,2.8784985751432054e-05,3,208431,5,1.9165417042652113
TS_5_4,raw,Beta-amylase,0.35,8,176413,1.7005549477646205e-05,0.375,3.40095566854286e-05,3,176410,5,1.9165417042652113
TS_5_4,raw,Beta-amylase,0.4,8,134642,2.2281308952629937e-05,0.375,4.455997029335313e-05,3,134639,5,1.9165417042652113
TS_5_4,raw,Beta-amylase,0.45,8,91266,3.28709486555782e-05,0.375,6.573613515349389e-05,3,91263,5,1.9165417042652113
TS_5_4,raw,Beta-amylase,0.5,8,54083,5.547029565667585e-05,0.375,0.00011092418332070029,3,54080,5,1.9165417042652113
TS_5_4,raw,Beta-amylase,0.55,8,27929,7.161015431988256e-05,0.25,0.00014317929627375881,2,27927,6,2.333492603190365
TS_5_4,raw,Beta-amylase,0.6,8,12685,0.00015766653527788727,0.25,0.0003151343260064603,2,12683,6,2.333492603190365
TS_5_4,raw,Beta-amylase,0.65,8,5113,0.00019557989438685703,0.125,0.00039054872095293895,1,5112,7,2.217022684666232
TS_5_4,raw,Beta-amylase,0.7,8,1764,0.0,0.0,0.0,0,1764,8,nan
TS_5_4,raw,Beta-amylase,0.75,8,541,0.0,0.0,0.0,0,541,8,nan
TS_5_4,raw,Beta-amylase,0.8,8,151,0.0,0.0,0.0,0,151,8,nan
TS_5_4,raw,Beta-amylase,0.85,8,30,0.0,0.0,0.0,0,30,8,nan
TS_5_4,raw,Beta-galactosidase,0.3,10,67180,0.00010419767788032153,0.7,0.00020836433993153745,7,67173,3,3.3519041155914153
TS_5_4,raw,Beta-galactosidase,0.35,10,60858,0.00011502185415228893,0.7,0.00023000591443779982,7,60851,3,3.3519041155914153
TS_5_4,raw,Beta-galactosidase,0.4,10,47994,0.0001458515647789307,0.7,0.0002916423631364053,7,47987,3,3.3519041155914153
TS_5_4,raw,Beta-galactosidase,0.45,10,32165,0.0002176278563656148,0.7,0.0004351204351204352,7,32158,3,3.3519041155914153
TS_5_4,raw,Beta-galactosidase,0.5,10,18721,0.0003739116500186956,0.7,0.0007474240563771289,7,18714,3,3.3519041155914153
TS_5_4,raw,Beta-galactosidase,0.55,10,9818,0.000509268690160929,0.5,0.0010175010175010176,5,9813,5,3.537253489523194
TS_5_4,raw,Beta-galactosidase,0.6,10,4788,0.000835421888053467,0.4,0.0016673614005835765,4,4784,6,3.8220245099685504
TS_5_4,raw,Beta-galactosidase,0.65,10,2101,0.0019038553069966682,0.4,0.0037896731406916154,4,2097,6,3.8220245099685504
TS_5_4,raw,Beta-galactosidase,0.7,10,873,0.004581901489117984,0.4,0.009060022650056626,4,869,6,3.8220245099685504
TS_5_4,raw,Beta-galactosidase,0.75,10,334,0.008982035928143712,0.3,0.017441860465116275,3,331,7,3.8866418372507496
TS_5_4,raw,Beta-galactosidase,0.8,10,120,0.016666666666666666,0.2,0.03076923076923077,2,118,8,3.871370147260998
TS_5_4,raw,Beta-galactosidase,0.85,10,42,0.0,0.0,0.0,0,42,10,nan
TS_5_4,raw,cytosolic ribosome,0.3,31,10259,0.0008772784871819866,0.2903225806451613,0.0017492711370262388,9,10250,22,5.221069905515912
TS_5_4,raw,cytosolic ribosome,0.35,31,4307,0.0018574413745066172,0.25806451612903225,0.0036883356385431078,8,4299,23,5.130704605746729
TS_5_4,raw,cytosolic ribosome,0.4,31,1661,0.00481637567730283,0.25806451612903225,0.009456264775413713,8,1653,23,5.130704605746729
TS_5_4,raw,cytosolic ribosome,0.45,31,744,0.006720430107526882,0.16129032258064516,0.012903225806451613,5,739,26,5.032495662565949
TS_5_4,raw,cytosolic ribosome,0.5,31,330,0.0030303030303030303,0.03225806451612903,0.00554016620498615,1,329,30,3.1225901515519556
TS_5_4,raw,cytosolic ribosome,0.55,31,146,0.0,0.0,0.0,0,146,31,nan
TS_5_4,raw,cytosolic ribosome,0.6,31,70,0.0,0.0,0.0,0,70,31,nan
TS_5_4,raw,cytosolic ribosome,0.65,31,38,0.0,0.0,0.0,0,38,31,nan
TS_5_4,raw,cytosolic ribosome,0.7,31,20,0.0,0.0,0.0,0,20,31,nan
TS_5_4,raw,cytosolic ribosome,0.75,31,12,0.0,0.0,0.0,0,12,31,nan
TS_5_4,raw,cytosolic ribosome,0.8,31,10,0.0,0.0,0.0,0,10,31,nan
TS_5_4,raw,cytosolic ribosome,0.85,31,7,0.0,0.0,0.0,0,7,31,nan
TS_5_4,raw,Thyroglobulin,0.3,30,10259,0.0026318354615459598,0.9,0.005248323452230537,27,10232,3,3.7570346761198703
TS_5_4,raw,Thyroglobulin,0.35,30,4307,0.006268864638959833,0.9,0.012451002997463684,27,4280,3,3.7570346761198703
TS_5_4,raw,Thyroglobulin,0.4,30,1661,0.014449127031908489,0.8,0.02838557066824364,24,1637,6,3.7981072722862628
TS_5_4,raw,Thyroglobulin,0.45,30,744,0.021505376344086023,0.5333333333333333,0.041343669250646,16,728,14,3.8498602570105267
TS_5_4,raw,Thyroglobulin,0.5,30,330,0.02727272727272727,0.3,0.049999999999999996,9,321,21,3.489067879925696
TS_5_4,raw,Thyroglobulin,0.55,30,146,0.02054794520547945,0.1,0.03409090909090909,3,143,27,2.209046548578594
TS_5_4,raw,Thyroglobulin,0.6,30,70,0.0,0.0,0.0,0,70,30,nan
TS_5_4,raw,Thyroglobulin,0.65,30,38,0.0,0.0,0.0,0,38,30,nan
TS_5_4,raw,Thyroglobulin,0.7,30,20,0.0,0.0,0.0,0,20,30,nan
TS_5_4,raw,Thyroglobulin,0.75,30,12,0.0,0.0,0.0,0,12,30,nan
TS_5_4,raw,Thyroglobulin,0.8,30,10,0.0,0.0,0.0,0,10,30,nan
TS_5_4,raw,Thyroglobulin,0.85,30,7,0.0,0.0,0.0,0,7,30,nan
TS_5_4,raw,virus-like capsid,0.3,11,4788,0.0006265664160401002,0.2727272727272727,0.001250260470931444,3,4785,8,7.059218220057975
TS_5_4,raw,virus-like capsid,0.35,11,1946,0.001541623843782117,0.2727272727272727,0.0030659172202350538,3,1943,8,7.059218220057975
TS_5_4,raw,virus-like capsid,0.4,11,870,0.0022988505747126436,0.18181818181818182,0.004540295119182748,2,868,9,7.210835333002423
TS_5_4,raw,virus-like capsid,0.45,11,450,0.0022222222222222222,0.09090909090909091,0.004338394793926247,1,449,10,7.022284581547637
TS_5_4,raw,virus-like capsid,0.5,11,213,0.004694835680751174,0.09090909090909091,0.008928571428571428,1,212,10,7.022284581547637
TS_5_4,raw,virus-like capsid,0.55,11,111,0.0,0.0,0.0,0,111,11,nan
TS_5_4,raw,virus-like capsid,0.6,11,62,0.0,0.0,0.0,0,62,11,nan
TS_5_4,raw,virus-like capsid,0.65,11,34,0.0,0.0,0.0,0,34,11,nan
TS_5_4,raw,virus-like capsid,0.7,11,17,0.0,0.0,0.0,0,17,11,nan
TS_5_4,raw,virus-like capsid,0.75,11,12,0.0,0.0,0.0,0,12,11,nan
TS_5_4,raw,virus-like capsid,0.8,11,9,0.0,0.0,0.0,0,9,11,nan
TS_5_4,raw,virus-like capsid,0.85,11,8,0.0,0.0,0.0,0,8,11,nan
TS_5_4,topaz,ferritin complex,0.3,46,25248,0.0011486058301647655,0.6304347826086957,0.0022930339210880052,29,25219,17,2.526562012913442
TS_5_4,topaz,ferritin complex,0.35,46,22456,0.0012914143213395084,0.6304347826086957,0.0025775486623411253,29,22427,17,2.526562012913442
TS_5_4,topaz,ferritin complex,0.4,46,17778,0.0015187310158623017,0.5869565217391305,0.0030296229802513463,27,17751,19,2.3175321541919716
TS_5_4,topaz,ferritin complex,0.45,46,12377,0.0017774905065847944,0.4782608695652174,0.0035418175963937855,22,12355,24,2.1855814843030092
TS_5_4,topaz,ferritin complex,0.5,46,7466,0.0024109295472810074,0.391304347826087,0.004792332268370608,18,7448,28,2.0978476832201363
TS_5_4,topaz,ferritin complex,0.55,46,3981,0.003265511178095956,0.2826086956521739,0.00645641917059846,13,3968,33,2.018673444320105
TS_5_4,topaz,ferritin complex,0.6,46,1965,0.005089058524173028,0.21739130434782608,0.009945300845350571,10,1955,36,2.0787517820421413
TS_5_4,topaz,ferritin complex,0.65,46,900,0.0044444444444444444,0.08695652173913043,0.008456659619450317,4,896,42,1.2299338047162556
TS_5_4,topaz,ferritin complex,0.7,46,436,0.0,0.0,0.0,0,436,46,nan
TS_5_4,topaz,ferritin complex,0.75,46,194,0.0,0.0,0.0,0,194,46,nan
TS_5_4,topaz,ferritin complex,0.8,46,73,0.0,0.0,0.0,0,73,46,nan
TS_5_4,topaz,ferritin complex,0.85,46,37,0.0,0.0,0.0,0,37,46,nan
TS_5_4,topaz,Beta-amylase,0.3,8,145153,1.3778564686916565e-05,0.25,2.755561066677689e-05,2,145151,6,1.488376341067199
TS_5_4,topaz,Beta-amylase,0.35,8,142689,1.4016497417460351e-05,0.25,2.8031423225435715e-05,2,142687,6,1.488376341067199
TS_5_4,topaz,Beta-amylase,0.4,8,138412,1.4449614195300986e-05,0.25,2.8897558156335795e-05,2,138410,6,1.488376341067199
TS_5_4,topaz,Beta-amylase,0.45,8,131154,1.5249248974488007e-05,0.25,3.0496637745688535e-05,2,131152,6,1.488376341067199
TS_5_4,topaz,Beta-amylase,0.5,8,119852,1.6687247605379967e-05,0.25,3.337226764558651e-05,2,119850,6,1.488376341067199
TS_5_4,topaz,Beta-amylase,0.55,8,103442,1.93345062933818e-05,0.25,3.866602223296279e-05,2,103440,6,1.488376341067199
TS_5_4,topaz,Beta-amylase,0.6,8,81411,1.228335237252951e-05,0.125,2.4564290890332723e-05,1,81410,7,2.283224053248622
TS_5_4,topaz,Beta-amylase,0.65,8,56171,1.780278079436008e-05,0.125,3.5600491286779756e-05,1,56170,7,2.283224053248622
TS_5_4,topaz,Beta-amylase,0.7,8,32113,3.114003674524336e-05,0.125,6.226456212446687e-05,1,32112,7,2.283224053248622
TS_5_4,topaz,Beta-amylase,0.75,8,14291,6.997410957945561e-05,0.125,0.00013986992097349466,1,14290,7,2.283224053248622
TS_5_4,topaz,Beta-amylase,0.8,8,4352,0.0,0.0,0.0,0,4352,8,nan
TS_5_4,topaz,Beta-amylase,0.85,8,817,0.0,0.0,0.0,0,817,8,nan
TS_5_4,topaz,Beta-galactosidase,0.3,10,62745,0.0001275001992190613,0.8,0.00025495976416221817,8,62737,2,3.335706618636027
TS_5_4,topaz,Beta-galactosidase,0.35,10,61716,0.00012962602890660444,0.8,0.00025921005735022516,8,61708,2,3.335706618636027
TS_5_4,topaz,Beta-galactosidase,0.4,10,58791,0.000136075249613036,0.8,0.0002721042159146953,8,58783,2,3.335706618636027
TS_5_4,topaz,Beta-galactosidase,0.45,10,52724,0.00015173355587588195,0.8,0.0003034095649865362,8,52716,2,3.335706618636027
TS_5_4,topaz,Beta-galactosidase,0.5,10,42805,0.00018689405443289336,0.8,0.00037370080579236255,8,42797,2,3.335706618636027
TS_5_4,topaz,Beta-galactosidase,0.55,10,30375,0.00023045267489711933,0.7,0.00046075366134605897,7,30368,3,3.435696026609019
TS_5_4,topaz,Beta-galactosidase,0.6,10,18153,0.0003305238803503553,0.6,0.0006606838077410119,6,18147,4,3.7138348767721667
TS_5_4,topaz,Beta-galactosidase,0.65,10,8858,0.0004515692029803567,0.4,0.0009021199819576004,4,8854,6,3.818100639979237
TS_5_4,topaz,Beta-galactosidase,0.7,10,3425,0.0011678832116788322,0.4,0.0023289665211062593,4,3421,6,3.818100639979237
TS_5_4,topaz,Beta-galactosidase,0.75,10,962,0.002079002079002079,0.2,0.00411522633744856,2,960,8,4.223574124917023
TS_5_4,topaz,Beta-galactosidase,0.8,10,200,0.005,0.1,0.009523809523809523,1,199,9,4.372785389844686
TS_5_4,topaz,Beta-galactosidase,0.85,10,31,0.0,0.0,0.0,0,31,10,nan
TS_5_4,topaz,cytosolic ribosome,0.3,31,20172,0.000347015665278604,0.22580645161290322,0.0006929663911300302,7,20165,24,5.099523067032649
TS_5_4,topaz,cytosolic ribosome,0.35,31,18866,0.00037103784586027777,0.22580645161290322,0.0007408583373022172,7,18859,24,5.099523067032649
TS_5_4,topaz,cytosolic ribosome,0.4,31,15886,0.0004406395568425028,0.22580645161290322,0.0008795627316705409,7,15879,24,5.099523067032649
TS_5_4,topaz,cytosolic ribosome,0.45,31,11579,0.0006045427066240608,0.22580645161290322,0.0012058570198105083,7,11572,24,5.099523067032649
TS_5_4,topaz,cytosolic ribosome,0.5,31,7185,0.0009742519137091162,0.22580645161290322,0.0019401330376940132,7,7178,24,5.099523067032649
TS_5_4,topaz,cytosolic ribosome,0.55,31,3886,0.0018013381369016985,0.22580645161290322,0.003574163900944601,7,3879,24,5.099523067032649
TS_5_4,topaz,cytosolic ribosome,0.6,31,1929,0.002073613271124935,0.12903225806451613,0.004081632653061224,4,1925,27,4.660444419068401
TS_5_4,topaz,cytosolic ribosome,0.65,31,886,0.003386004514672686,0.0967741935483871,0.006543075245365322,3,883,28,4.730063229452056
TS_5_4,topaz,cytosolic ribosome,0.7,31,431,0.002320185614849188,0.03225806451612903,0.004329004329004329,1,430,30,3.186629004509289
TS_5_4,topaz,cytosolic ribosome,0.75,31,194,0.005154639175257732,0.03225806451612903,0.008888888888888887,1,193,30,3.186629004509289
TS_5_4,topaz,cytosolic ribosome,0.8,31,73,0.0136986301369863,0.03225806451612903,0.01923076923076923,1,72,30,3.186629004509289
TS_5_4,topaz,cytosolic ribosome,0.85,31,37,0.0,0.0,0.0,0,37,31,nan
TS_5_4,topaz,Thyroglobulin,0.3,30,20172,0.0012393416617093001,0.8333333333333334,0.0024750024750024753,25,20147,5,3.9405261137358734
TS_5_4,topaz,Thyroglobulin,0.35,30,18866,0.0013251351637867063,0.8333333333333334,0.0026460626587637595,25,18841,5,3.9405261137358734
TS_5_4,topaz,Thyroglobulin,0.4,30,15886,0.0015737127030089387,0.8333333333333334,0.0031414928373963307,25,15861,5,3.9405261137358734
TS_5_4,topaz,Thyroglobulin,0.45,30,11579,0.002072717851282494,0.8,0.004134723059695064,24,11555,6,3.9440566765552365
TS_5_4,topaz,Thyroglobulin,0.5,30,7185,0.003340292275574113,0.8,0.006652806652806653,24,7161,6,3.9440566765552365
TS_5_4,topaz,Thyroglobulin,0.55,30,3886,0.005918682449819866,0.7666666666666667,0.01174668028600613,23,3863,7,3.864192267771
TS_5_4,topaz,Thyroglobulin,0.6,30,1929,0.01088646967340591,0.7,0.021439509954058196,21,1908,9,3.6931969850303674
TS_5_4,topaz,Thyroglobulin,0.65,30,886,0.01580135440180587,0.4666666666666667,0.030567685589519653,14,872,16,3.7014225677835566
TS_5_4,topaz,Thyroglobulin,0.7,30,431,0.02088167053364269,0.3,0.03904555314533622,9,422,21,3.8081047599908278
TS_5_4,topaz,Thyroglobulin,0.75,30,194,0.020618556701030927,0.13333333333333333,0.03571428571428571,4,190,26,3.553348604440243
TS_5_4,topaz,Thyroglobulin,0.8,30,73,0.0136986301369863,0.03333333333333333,0.019417475728155338,1,72,29,3.673673088074431
TS_5_4,topaz,Thyroglobulin,0.85,30,37,0.0,0.0,0.0,0,37,30,nan
TS_5_4,topaz,virus-like capsid,0.3,11,13045,0.00022997316979685704,0.2727272727272727,0.0004595588235294118,3,13042,8,7.058863478691919
TS_5_4,topaz,virus-like capsid,0.35,11,11409,0.00017530020159523183,0.18181818181818182,0.00035026269702276703,2,11407,9,7.168376627006859
TS_5_4,topaz,virus-like capsid,0.4,11,8436,0.0002370791844476055,0.18181818181818182,0.0004735409020954185,2,8434,9,7.168376627006859
TS_5_4,topaz,virus-like capsid,0.45,11,5222,0.00038299502106472615,0.18181818181818182,0.0007643798968087138,2,5220,9,7.168376627006859
TS_5_4,topaz,virus-like capsid,0.5,11,2813,0.0007109847138286527,0.18181818181818182,0.0014164305949008497,2,2811,9,7.168376627006859
TS_5_4,topaz,virus-like capsid,0.55,11,1482,0.0,0.0,0.0,0,1482,11,nan
TS_5_4,topaz,virus-like capsid,0.6,11,766,0.0,0.0,0.0,0,766,11,nan
TS_5_4,topaz,virus-like capsid,0.65,11,401,0.0,0.0,0.0,0,401,11,nan
TS_5_4,topaz,virus-like capsid,0.7,11,213,0.0,0.0,0.0,0,213,11,nan
TS_5_4,topaz,virus-like capsid,0.75,11,102,0.0,0.0,0.0,0,102,11,nan
TS_5_4,topaz,virus-like capsid,0.8,11,40,0.0,0.0,0.0,0,40,11,nan
TS_5_4,topaz,virus-like capsid,0.85,11,15,0.0,0.0,0.0,0,15,11,nan
TS_86_3,raw,ferritin complex,0.3,64,19210,0.002967204580947423,0.890625,0.005914703745979039,57,19153,7,2.112152919670351
TS_86_3,raw,ferritin complex,0.35,64,10119,0.005336495701156241,0.84375,0.010605911813807326,54,10065,10,2.0341052093559875
TS_86_3,raw,ferritin complex,0.4,64,4351,0.011951275568834751,0.8125,0.023556058890147225,52,4299,12,1.9840938382715518
TS_86_3,raw,ferritin complex,0.45,64,1807,0.02545655783065855,0.71875,0.049171566007482626,46,1761,18,1.831557470928064
TS_86_3,raw,ferritin complex,0.5,64,755,0.0423841059602649,0.5,0.07814407814407814,32,723,32,1.9457258548675638
TS_86_3,raw,ferritin complex,0.55,64,374,0.053475935828877004,0.3125,0.09132420091324202,20,354,44,2.0016568212225616
TS_86_3,raw,ferritin complex,0.6,64,185,0.07027027027027027,0.203125,0.10441767068273092,13,172,51,2.1158356139612384
TS_86_3,raw,ferritin complex,0.65,64,89,0.07865168539325842,0.109375,0.09150326797385622,7,82,57,2.53047902482442
TS_86_3,raw,ferritin complex,0.7,64,46,0.06521739130434782,0.046875,0.05454545454545454,3,43,61,2.897122928508433
TS_86_3,raw,ferritin complex,0.75,64,28,0.03571428571428571,0.015625,0.021739130434782608,1,27,63,4.130316019736263
TS_86_3,raw,ferritin complex,0.8,64,18,0.0,0.0,0.0,0,18,64,nan
TS_86_3,raw,ferritin complex,0.85,64,12,0.0,0.0,0.0,0,12,64,nan
TS_86_3,raw,Beta-amylase,0.3,8,213938,2.8045508511811835e-05,0.75,5.6088919633926325e-05,6,213932,2,1.7628271591799265
TS_86_3,raw,Beta-amylase,0.35,8,185152,3.240580712063602e-05,0.75,6.480881399870383e-05,6,185146,2,1.7628271591799265
TS_86_3,raw,Beta-amylase,0.4,8,146400,4.098360655737705e-05,0.75,8.196273427681548e-05,6,146394,2,1.7628271591799265
TS_86_3,raw,Beta-amylase,0.45,8,103281,4.841161491465032e-05,0.625,9.681573061991113e-05,5,103276,3,1.7557480700388008
TS_86_3,raw,Beta-amylase,0.5,8,64434,7.759878325107862e-05,0.625,0.00015517829986654664,5,64429,3,1.7557480700388008
TS_86_3,raw,Beta-amylase,0.55,8,35490,8.4530853761623e-05,0.375,0.0001690236069637726,3,35487,5,1.3313145272421463
TS_86_3,raw,Beta-amylase,0.6,8,17478,0.00017164435290078958,0.375,0.00034313164817568337,3,17475,5,1.3313145272421463
TS_86_3,raw,Beta-amylase,0.65,8,7676,0.0002605523710265763,0.25,0.0005205622071837585,2,7674,6,0.8768989090811097
TS_86_3,raw,Beta-amylase,0.7,8,3128,0.00031969309462915604,0.125,0.0006377551020408164,1,3127,7,1.0552614628789379
TS_86_3,raw,Beta-amylase,0.75,8,1214,0.0008237232289950577,0.125,0.001636661211129296,1,1213,7,1.0552614628789379
TS_86_3,raw,Beta-amylase,0.8,8,412,0.0024271844660194173,0.125,0.0047619047619047615,1,411,7,1.0552614628789379
TS_86_3,raw,Beta-amylase,0.85,8,116,0.008620689655172414,0.125,0.016129032258064516,1,115,7,1.0552614628789379
TS_86_3,raw,Beta-galactosidase,0.3,22,67162,0.00017867246359548554,0.5454545454545454,0.0003572279114074779,12,67150,10,3.194375097699318
TS_86_3,raw,Beta-galactosidase,0.35,22,60641,0.00019788591876783034,0.5454545454545454,0.0003956283072053806,12,60629,10,3.194375097699318
TS_86_3,raw,Beta-galactosidase,0.4,22,47612,0.0002520373015206251,0.5454545454545454,0.0005038417936767855,12,47600,10,3.194375097699318
TS_86_3,raw,Beta-galactosidase,0.45,22,31578,0.00034834378364684277,0.5,0.0006962025316455697,11,31567,11,3.1010851343649364
TS_86_3,raw,Beta-galactosidase,0.5,22,18250,0.000547945205479452,0.45454545454545453,0.0010945709281961471,10,18240,12,2.987559196449028
TS_86_3,raw,Beta-galactosidase,0.55,22,9510,0.0009463722397476341,0.4090909090909091,0.001888375996642887,9,9501,13,2.8682363220464726
TS_86_3,raw,Beta-galactosidase,0.6,22,4543,0.001981069777679947,0.4090909090909091,0.003943044906900329,9,4534,13,2.8682363220464726
TS_86_3,raw,Beta-galactosidase,0.65,22,2097,0.0033381020505484026,0.3181818181818182,0.006606890042472865,7,2090,15,2.763746633019373
TS_86_3,raw,Beta-galactosidase,0.7,22,925,0.005405405405405406,0.22727272727272727,0.010559662090813094,5,920,17,3.121463816750281
TS_86_3,raw,Beta-galactosidase,0.75,22,370,0.010810810810810811,0.18181818181818182,0.02040816326530612,4,366,18,3.387975283285575
TS_86_3,raw,Beta-galactosidase,0.8,22,118,0.025423728813559324,0.13636363636363635,0.042857142857142864,3,115,19,3.2901291247207616
TS_86_3,raw,Beta-galactosidase,0.85,22,36,0.0,0.0,0.0,0,36,22,nan
TS_86_3,raw,cytosolic ribosome,0.3,55,16586,0.001205836247437598,0.36363636363636365,0.0024037017006189533,20,16566,35,5.198390037776427
TS_86_3,raw,cytosolic ribosome,0.35,55,9324,0.002145002145002145,0.36363636363636365,0.004264846998613925,20,9304,35,5.198390037776427
TS_86_3,raw,cytosolic ribosome,0.4,55,4141,0.004588263704419222,0.34545454545454546,0.009056244041944708,19,4122,36,5.152702928655882
TS_86_3,raw,cytosolic ribosome,0.45,55,1740,0.009770114942528735,0.3090909090909091,0.01894150417827298,17,1723,38,5.081977949251356
TS_86_3,raw,cytosolic ribosome,0.5,55,738,0.017615176151761516,0.23636363636363636,0.032786885245901634,13,725,42,5.046993263756449
TS_86_3,raw,cytosolic ribosome,0.55,55,370,0.01891891891891892,0.12727272727272726,0.03294117647058824,7,363,48,5.035750682691065
TS_86_3,raw,cytosolic ribosome,0.6,55,184,0.016304347826086956,0.05454545454545454,0.02510460251046025,3,181,52,4.985205159692021
TS_86_3,raw,cytosolic ribosome,0.65,55,89,0.011235955056179775,0.01818181818181818,0.013888888888888888,1,88,54,3.9534565283318632
TS_86_3,raw,cytosolic ribosome,0.7,55,46,0.021739130434782608,0.01818181818181818,0.019801980198019802,1,45,54,3.9534565283318632
TS_86_3,raw,cytosolic ribosome,0.75,55,28,0.03571428571428571,0.01818181818181818,0.024096385542168672,1,27,54,3.9534565283318632
TS_86_3,raw,cytosolic ribosome,0.8,55,18,0.0,0.0,0.0,0,18,55,nan
TS_86_3,raw,cytosolic ribosome,0.85,55,12,0.0,0.0,0.0,0,12,55,nan
TS_86_3,raw,Thyroglobulin,0.3,43,16586,0.0022910888701314362,0.8837209302325582,0.004570328943412112,38,16548,5,3.9092848981621415
TS_86_3,raw,Thyroglobulin,0.35,43,9324,0.004075504075504076,0.8837209302325582,0.008113590263691683,38,9286,5,3.9092848981621415
TS_86_3,raw,Thyroglobulin,0.4,43,4141,0.008693552282057475,0.8372093023255814,0.01720841300191205,36,4105,7,3.9334057091802372
TS_86_3,raw,Thyroglobulin,0.45,43,1740,0.01954022988505747,0.7906976744186046,0.03813796971396523,34,1706,9,3.8419455486726823
TS_86_3,raw,Thyroglobulin,0.5,43,738,0.028455284552845527,0.4883720930232558,0.05377720870678617,21,717,22,3.9014952495318984
TS_86_3,raw,Thyroglobulin,0.55,43,370,0.032432432432432434,0.27906976744186046,0.05811138014527845,12,358,31,3.854885615546029
TS_86_3,raw,Thyroglobulin,0.6,43,184,0.03804347826086957,0.16279069767441862,0.061674008810572695,7,177,36,4.1551784947993715
TS_86_3,raw,Thyroglobulin,0.65,43,89,0.02247191011235955,0.046511627906976744,0.0303030303030303,2,87,41,3.592140363264611
TS_86_3,raw,Thyroglobulin,0.7,43,46,0.021739130434782608,0.023255813953488372,0.022471910112359553,1,45,42,2.348290341737353
TS_86_3,raw,Thyroglobulin,0.75,43,28,0.03571428571428571,0.023255813953488372,0.02816901408450704,1,27,42,2.348290341737353
TS_86_3,raw,Thyroglobulin,0.8,43,18,0.0,0.0,0.0,0,18,43,nan
TS_86_3,raw,Thyroglobulin,0.85,43,12,0.0,0.0,0.0,0,12,43,nan
TS_86_3,raw,virus-like capsid,0.3,29,7835,0.00025526483726866624,0.06896551724137931,0.000508646998982706,2,7833,27,6.828617913851151
TS_86_3,raw,virus-like capsid,0.35,29,3543,0.0005644933672029354,0.06896551724137931,0.0011198208286674134,2,3541,27,6.828617913851151
TS_86_3,raw,virus-like capsid,0.4,29,1519,0.0013166556945358788,0.06896551724137931,0.002583979328165375,2,1517,27,6.828617913851151
TS_86_3,raw,virus-like capsid,0.45,29,709,0.0014104372355430183,0.034482758620689655,0.0027100271002710027,1,708,28,7.397320680145196
TS_86_3,raw,virus-like capsid,0.5,29,395,0.0,0.0,0.0,0,395,29,nan
TS_86_3,raw,virus-like capsid,0.55,29,229,0.0,0.0,0.0,0,229,29,nan
TS_86_3,raw,virus-like capsid,0.6,29,123,0.0,0.0,0.0,0,123,29,nan
TS_86_3,raw,virus-like capsid,0.65,29,68,0.0,0.0,0.0,0,68,29,nan
TS_86_3,raw,virus-like capsid,0.7,29,36,0.0,0.0,0.0,0,36,29,nan
TS_86_3,raw,virus-like capsid,0.75,29,21,0.0,0.0,0.0,0,21,29,nan
TS_86_3,raw,virus-like capsid,0.8,29,10,0.0,0.0,0.0,0,10,29,nan
TS_86_3,raw,virus-like capsid,0.85,29,4,0.0,0.0,0.0,0,4,29,nan
TS_86_3,topaz,ferritin complex,0.3,64,25633,0.0015995006437014786,0.640625,0.003191033972837296,41,25592,23,2.1666881157811644
TS_86_3,topaz,ferritin complex,0.35,64,23550,0.0016985138004246285,0.625,0.0033878207842805113,40,23510,24,2.0886789360438476
TS_86_3,topaz,ferritin complex,0.4,64,19680,0.0019817073170731708,0.609375,0.003950567260940033,39,19641,25,2.0968154769145193
TS_86_3,topaz,ferritin complex,0.45,64,14339,0.0025106353302182857,0.5625,0.0049989585503020205,36,14303,28,2.104439761150507
TS_86_3,topaz,ferritin complex,0.5,64,9187,0.0031566343746598454,0.453125,0.006269592476489028,29,9158,35,2.1612775841420406
TS_86_3,topaz,ferritin complex,0.55,64,5052,0.0033650039588281866,0.265625,0.006645817044566068,17,5035,47,2.2816143766086534
TS_86_3,topaz,ferritin complex,0.6,64,2438,0.004511894995898278,0.171875,0.008792965627498003,11,2427,53,2.4064230499818504
TS_86_3,topaz,ferritin complex,0.65,64,1062,0.007532956685499058,0.125,0.014209591474245116,8,1054,56,2.6793227802282504
TS_86_3,topaz,ferritin complex,0.7,64,410,0.00975609756097561,0.0625,0.01687763713080169,4,406,60,2.5775890030118074
TS_86_3,topaz,ferritin complex,0.75,64,168,0.017857142857142856,0.046875,0.025862068965517244,3,165,61,2.866983877595834
TS_86_3,topaz,ferritin complex,0.8,64,77,0.025974025974025976,0.03125,0.028368794326241134,2,75,62,2.7262992631874177
TS_86_3,topaz,ferritin complex,0.85,64,34,0.0,0.0,0.0,0,34,64,nan
TS_86_3,topaz,Beta-amylase,0.3,8,146343,3.41663079204335e-05,0.625,6.832888056794965e-05,5,146338,3,1.489148826795751
TS_86_3,topaz,Beta-amylase,0.35,8,143762,3.4779705346336304e-05,0.625,6.955554009876886e-05,5,143757,3,1.489148826795751
TS_86_3,topaz,Beta-amylase,0.4,8,139289,3.5896589106103136e-05,0.625,7.17890550406685e-05,5,139284,3,1.489148826795751
TS_86_3,topaz,Beta-amylase,0.45,8,132049,3.7864732031291414e-05,0.625,7.572487637913931e-05,5,132044,3,1.489148826795751
TS_86_3,topaz,Beta-amylase,0.5,8,120823,4.1382849291939447e-05,0.625,8.276021881801856e-05,5,120818,3,1.489148826795751
TS_86_3,topaz,Beta-amylase,0.55,8,104277,4.794921219444365e-05,0.625,9.589106774703936e-05,5,104272,3,1.489148826795751
TS_86_3,topaz,Beta-amylase,0.6,8,82569,4.844433140767116e-05,0.5,9.687927631180595e-05,4,82565,4,1.1761713655943296
TS_86_3,topaz,Beta-amylase,0.65,8,57444,5.2224775433465635e-05,0.375,0.00010443500661421707,3,57441,5,1.107930672558748
TS_86_3,topaz,Beta-amylase,0.7,8,33396,5.9887411666067796e-05,0.25,0.00011974613818704347,2,33394,6,0.8799002322077591
TS_86_3,topaz,Beta-amylase,0.75,8,15068,0.00013273161667109106,0.25,0.0002653223666755108,2,15066,6,0.8799002322077591
TS_86_3,topaz,Beta-amylase,0.8,8,4865,0.00041109969167523125,0.25,0.0008208495793145906,2,4863,6,0.8799002322077591
TS_86_3,topaz,Beta-amylase,0.85,8,1014,0.0,0.0,0.0,0,1014,8,nan
TS_86_3,topaz,Beta-galactosidase,0.3,22,62756,0.0002071515074255848,0.5909090909090909,0.00041415782598999646,13,62743,9,3.0377194441231206
TS_86_3,topaz,Beta-galactosidase,0.35,22,62291,0.00020869788572988073,0.5909090909090909,0.0004172484072344455,13,62278,9,3.0377194441231206
TS_86_3,topaz,Beta-galactosidase,0.4,22,60985,0.00021316717225547266,0.5909090909090909,0.0004261806022259741,13,60972,9,3.0377194441231206
TS_86_3,topaz,Beta-galactosidase,0.45,22,58048,0.00022395259095920618,0.5909090909090909,0.0004477354916480111,13,58035,9,3.0377194441231206
TS_86_3,topaz,Beta-galactosidase,0.5,22,52310,0.000248518447715542,0.5909090909090909,0.0004968279446610105,13,52297,9,3.0377194441231206
TS_86_3,topaz,Beta-galactosidase,0.55,22,43629,0.0002979669485892411,0.5909090909090909,0.0005956335479141372,13,43616,9,3.0377194441231206
TS_86_3,topaz,Beta-galactosidase,0.6,22,32677,0.0003978333384337607,0.5909090909090909,0.000795131349582556,13,32664,9,3.0377194441231206
TS_86_3,topaz,Beta-galactosidase,0.65,22,21547,0.0006033322504292941,0.5909090909090909,0.0012054337243265797,13,21534,9,3.0377194441231206
TS_86_3,topaz,Beta-galactosidase,0.7,22,12194,0.0009020829916352304,0.5,0.0018009168303863786,11,12183,11,3.009678227113669
TS_86_3,topaz,Beta-galactosidase,0.75,22,5638,0.0012415750266051792,0.3181818181818182,0.0024734982332155478,7,5631,15,3.3607124299183093
TS_86_3,topaz,Beta-galactosidase,0.8,22,2069,0.0019333011116481392,0.18181818181818182,0.003825920612147298,4,2065,18,3.010480809366122
TS_86_3,topaz,Beta-galactosidase,0.85,22,571,0.0017513134851138354,0.045454545454545456,0.0033726812816188873,1,570,21,2.9579230279810966
TS_86_3,topaz,cytosolic ribosome,0.3,55,20325,0.001131611316113161,0.41818181818181815,0.0022571148184494603,23,20302,32,5.080741647634869
TS_86_3,topaz,cytosolic ribosome,0.35,55,19520,0.0011782786885245903,0.41818181818181815,0.0023499361430395914,23,19497,32,5.080741647634869
TS_86_3,topaz,cytosolic ribosome,0.4,55,17222,0.0013355011032400417,0.41818181818181815,0.0026624992764947616,23,17199,32,5.080741647634869
TS_86_3,topaz,cytosolic ribosome,0.45,55,13203,0.001666287964856472,0.4,0.003318750942826973,22,13181,33,5.0787254102557835
TS_86_3,topaz,cytosolic ribosome,0.5,55,8760,0.002397260273972603,0.38181818181818183,0.00476460578559274,21,8739,34,5.02104722908369
TS_86_3,topaz,cytosolic ribosome,0.55,55,4913,0.0034602076124567475,0.3090909090909091,0.006843800322061192,17,4896,38,4.954224435091208
TS_86_3,topaz,cytosolic ribosome,0.6,55,2394,0.006683375104427736,0.2909090909090909,0.013066557778685178,16,2378,39,4.977877778965514
TS_86_3,topaz,cytosolic ribosome,0.65,55,1047,0.011461318051575931,0.21818181818181817,0.021778584392014515,12,1035,43,5.0187117397697465
TS_86_3,topaz,cytosolic ribosome,0.7,55,403,0.01488833746898263,0.10909090909090909,0.026200873362445417,6,397,49,4.897093292236016
TS_86_3,topaz,cytosolic ribosome,0.75,55,168,0.017857142857142856,0.05454545454545454,0.026905829596412554,3,165,52,5.299650400723682
TS_86_3,topaz,cytosolic ribosome,0.8,55,77,0.025974025974025976,0.03636363636363636,0.030303030303030304,2,75,53,5.05927670731175
TS_86_3,topaz,cytosolic ribosome,0.85,55,34,0.029411764705882353,0.01818181818181818,0.022471910112359553,1,33,54,4.140738996882943
TS_86_3,topaz,Thyroglobulin,0.3,43,20325,0.0015744157441574416,0.7441860465116279,0.003142183817753339,32,20293,11,3.7305293313135834
TS_86_3,topaz,Thyroglobulin,0.35,43,19520,0.001639344262295082,0.7441860465116279,0.0032714818790574047,32,19488,11,3.7305293313135834
TS_86_3,topaz,Thyroglobulin,0.4,43,17222,0.001858088491464406,0.7441860465116279,0.0037069215175209963,32,17190,11,3.7305293313135834
TS_86_3,topaz,Thyroglobulin,0.45,43,13203,0.002347951223206847,0.7209302325581395,0.004680658311943229,31,13172,12,3.739695337923633
TS_86_3,topaz,Thyroglobulin,0.5,43,8760,0.003538812785388128,0.7209302325581395,0.007043053504487107,31,8729,12,3.739695337923633
TS_86_3,topaz,Thyroglobulin,0.55,43,4913,0.005902707103602686,0.6744186046511628,0.011702986279257465,29,4884,14,3.703364676831377
TS_86_3,topaz,Thyroglobulin,0.6,43,2394,0.01086048454469507,0.6046511627906976,0.02133771029954862,26,2368,17,3.7996039217825417
TS_86_3,topaz,Thyroglobulin,0.65,43,1047,0.015281757402101241,0.37209302325581395,0.029357798165137613,16,1031,27,3.541835702130164
TS_86_3,topaz,Thyroglobulin,0.7,43,403,0.03225806451612903,0.3023255813953488,0.05829596412556054,13,390,30,3.580744003782011
TS_86_3,topaz,Thyroglobulin,0.75,43,168,0.047619047619047616,0.18604651162790697,0.07582938388625592,8,160,35,3.9580466458281514
TS_86_3,topaz,Thyroglobulin,0.8,43,77,0.06493506493506493,0.11627906976744186,0.08333333333333333,5,72,38,3.8289573480238746
TS_86_3,topaz,Thyroglobulin,0.85,43,34,0.058823529411764705,0.046511627906976744,0.05194805194805195,2,32,41,2.020501735505886
TS_86_3,topaz,virus-like capsid,0.3,29,13286,0.0003010687942194792,0.13793103448275862,0.0006008261359369134,4,13282,25,5.968752056225467
TS_86_3,topaz,virus-like capsid,0.35,29,11990,0.0003336113427856547,0.13793103448275862,0.0006656127797653715,4,11986,25,5.968752056225467
TS_86_3,topaz,virus-like capsid,0.4,29,9290,0.0004305705059203445,0.13793103448275862,0.0008584612082841507,4,9286,25,5.968752056225467
TS_86_3,topaz,virus-like capsid,0.45,29,5985,0.0003341687552213868,0.06896551724137931,0.0006651147322913204,2,5983,27,7.049949515273406
TS_86_3,topaz,virus-like capsid,0.5,29,3295,0.0006069802731411229,0.06896551724137931,0.0012033694344163657,2,3293,27,7.049949515273406
TS_86_3,topaz,virus-like capsid,0.55,29,1598,0.0006257822277847309,0.034482758620689655,0.001229256299938537,1,1597,28,7.458651386882243
TS_86_3,topaz,virus-like capsid,0.6,29,758,0.0013192612137203166,0.034482758620689655,0.0025412960609911056,1,757,28,7.458651386882243
TS_86_3,topaz,virus-like capsid,0.65,29,369,0.0,0.0,0.0,0,369,29,nan
TS_86_3,topaz,virus-like capsid,0.7,29,194,0.0,0.0,0.0,0,194,29,nan
TS_86_3,topaz,virus-like capsid,0.75,29,85,0.0,0.0,0.0,0,85,29,nan
TS_86_3,topaz,virus-like capsid,0.8,29,41,0.0,0.0,0.0,0,41,29,nan
TS_86_3,topaz,virus-like capsid,0.85,29,13,0.0,0.0,0.0,0,13,29,nan
